animation_name,length_sec,track_count,correct_hip,correct_xz,animation_type,weapon_attached,wired_connections,storage_domain,verified_for_use,skeleton,pack_or_folder,source_path,in_wiring_table,asset_exists,load_ok,notes
draw,1.0333,20,pipeline_locked_if_played,pipeline_locked_if_played,attack,longbow,grudge_pack:{attack} packs=longbow,cdn:assets.grudge-studio.com/anims/baked,wired_cdn_ok,bip001,longbow,longbow/draw,yes,yes,yes,Bip001 baked JSON; only plays on GrudgeAvatar after loadBakedClip
idle,5.1,20,pipeline_locked_if_played,pipeline_locked_if_played,idle,longbow,grudge_pack:{idle} packs=longbow,cdn:assets.grudge-studio.com/anims/baked,wired_cdn_ok,bip001,longbow,longbow/idle,yes,yes,yes,Bip001 baked JSON; only plays on GrudgeAvatar after loadBakedClip
run-forward,0.8667,20,pipeline_locked_if_played,pipeline_locked_if_played,locomotion,longbow,grudge_pack:{run} packs=longbow,cdn:assets.grudge-studio.com/anims/baked,wired_cdn_ok,bip001,longbow,longbow/run-forward,yes,yes,yes,Bip001 baked JSON; only plays on GrudgeAvatar after loadBakedClip
walk-forward,1.2,20,pipeline_locked_if_played,pipeline_locked_if_played,locomotion,longbow,grudge_pack:{walk} packs=longbow,cdn:assets.grudge-studio.com/anims/baked,wired_cdn_ok,bip001,longbow,longbow/walk-forward,yes,yes,yes,Bip001 baked JSON; only plays on GrudgeAvatar after loadBakedClip
standing-idle,1.8667,20,pipeline_locked_if_played,pipeline_locked_if_played,idle,magic,grudge_pack:{idle} packs=magic,cdn:assets.grudge-studio.com/anims/baked,wired_cdn_ok,bip001,magic,magic/standing-idle,yes,yes,yes,Bip001 baked JSON; only plays on GrudgeAvatar after loadBakedClip
standing-run-back,0.6333,20,pipeline_locked_if_played,pipeline_locked_if_played,locomotion,magic,grudge_pack:{runB} packs=magic,cdn:assets.grudge-studio.com/anims/baked,wired_cdn_ok,bip001,magic,magic/standing-run-back,yes,yes,yes,Bip001 baked JSON; only plays on GrudgeAvatar after loadBakedClip
standing-run-forward,0.7333,20,pipeline_locked_if_played,pipeline_locked_if_played,locomotion,magic,grudge_pack:{run} packs=magic,cdn:assets.grudge-studio.com/anims/baked,wired_cdn_ok,bip001,magic,magic/standing-run-forward,yes,yes,yes,Bip001 baked JSON; only plays on GrudgeAvatar after loadBakedClip
standing-run-left,0.7667,20,pipeline_locked_if_played,pipeline_locked_if_played,locomotion,magic,grudge_pack:{runL} packs=magic,cdn:assets.grudge-studio.com/anims/baked,wired_cdn_ok,bip001,magic,magic/standing-run-left,yes,yes,yes,Bip001 baked JSON; only plays on GrudgeAvatar after loadBakedClip
standing-run-right,0.7667,20,pipeline_locked_if_played,pipeline_locked_if_played,locomotion,magic,grudge_pack:{runR} packs=magic,cdn:assets.grudge-studio.com/anims/baked,wired_cdn_ok,bip001,magic,magic/standing-run-right,yes,yes,yes,Bip001 baked JSON; only plays on GrudgeAvatar after loadBakedClip
standing-walk-back,1.2,20,pipeline_locked_if_played,pipeline_locked_if_played,locomotion,magic,grudge_pack:{walkB} packs=magic,cdn:assets.grudge-studio.com/anims/baked,wired_cdn_ok,bip001,magic,magic/standing-walk-back,yes,yes,yes,Bip001 baked JSON; only plays on GrudgeAvatar after loadBakedClip
standing-walk-forward,1.1333,20,pipeline_locked_if_played,pipeline_locked_if_played,locomotion,magic,grudge_pack:{walk} packs=magic,cdn:assets.grudge-studio.com/anims/baked,wired_cdn_ok,bip001,magic,magic/standing-walk-forward,yes,yes,yes,Bip001 baked JSON; only plays on GrudgeAvatar after loadBakedClip
standing-walk-left,1.1667,20,pipeline_locked_if_played,pipeline_locked_if_played,locomotion,magic,grudge_pack:{walkL} packs=magic,cdn:assets.grudge-studio.com/anims/baked,wired_cdn_ok,bip001,magic,magic/standing-walk-left,yes,yes,yes,Bip001 baked JSON; only plays on GrudgeAvatar after loadBakedClip
standing-walk-right,1.2,20,pipeline_locked_if_played,pipeline_locked_if_played,locomotion,magic,grudge_pack:{walkR} packs=magic,cdn:assets.grudge-studio.com/anims/baked,wired_cdn_ok,bip001,magic,magic/standing-walk-right,yes,yes,yes,Bip001 baked JSON; only plays on GrudgeAvatar after loadBakedClip
sword-and-shield-attack,2.3333,20,pipeline_locked_if_played,pipeline_locked_if_played,attack,sword_shield,grudge_pack:{attack} packs=sword_shield,cdn:assets.grudge-studio.com/anims/baked,wired_cdn_ok,bip001,sword_shield,sword_shield/sword-and-shield-attack,yes,yes,yes,Bip001 baked JSON; only plays on GrudgeAvatar after loadBakedClip
sword-and-shield-block,0.5667,20,pipeline_locked_if_played,pipeline_locked_if_played,defense,sword_shield,grudge_pack:{block+parry} packs=sword_shield,cdn:assets.grudge-studio.com/anims/baked,wired_cdn_ok,bip001,sword_shield,sword_shield/sword-and-shield-block,yes,yes,yes,Bip001 baked JSON; only plays on GrudgeAvatar after loadBakedClip
sword-and-shield-idle,2.5333,20,pipeline_locked_if_played,pipeline_locked_if_played,idle,sword_shield,grudge_pack:{idle} packs=sword_shield,cdn:assets.grudge-studio.com/anims/baked,wired_cdn_ok,bip001,sword_shield,sword_shield/sword-and-shield-idle,yes,yes,yes,Bip001 baked JSON; only plays on GrudgeAvatar after loadBakedClip
sword-and-shield-run,0.7,20,pipeline_locked_if_played,pipeline_locked_if_played,locomotion,sword_shield,grudge_pack:{run} packs=sword_shield,cdn:assets.grudge-studio.com/anims/baked,wired_cdn_ok,bip001,sword_shield,sword_shield/sword-and-shield-run,yes,yes,yes,Bip001 baked JSON; only plays on GrudgeAvatar after loadBakedClip
running,2.5333,20,pipeline_locked_if_played,pipeline_locked_if_played,locomotion,unarmed,grudge_pack:{run} packs=unarmed,cdn:assets.grudge-studio.com/anims/baked,wired_cdn_ok,bip001,unarmed,locomotion/running,yes,yes,yes,Bip001 baked JSON; only plays on GrudgeAvatar after loadBakedClip
running,1.6333,20,pipeline_locked_if_played,pipeline_locked_if_played,locomotion,unarmed|magic|sword_shield|longbow,grudge_pack:{sprint} packs=unarmed|magic|sword_shield|longbow,cdn:assets.grudge-studio.com/anims/baked,wired_cdn_ok,bip001,unarmed|magic|sword_shield|longbow,uploads_2026_06/locomotion/running,yes,yes,yes,Bip001 baked JSON; only plays on GrudgeAvatar after loadBakedClip
punching,1.0333,20,pipeline_locked_if_played,pipeline_locked_if_played,attack,unarmed|magic,grudge_pack:{attack} packs=unarmed|magic,cdn:assets.grudge-studio.com/anims/baked,wired_cdn_ok,bip001,unarmed|magic,unarmed/punching,yes,yes,yes,Bip001 baked JSON; only plays on GrudgeAvatar after loadBakedClip
walking,1,20,pipeline_locked_if_played,pipeline_locked_if_played,locomotion,unarmed|sword_shield,grudge_pack:{walk} packs=unarmed|sword_shield,cdn:assets.grudge-studio.com/anims/baked,wired_cdn_ok,bip001,unarmed|sword_shield,locomotion/walking,yes,yes,yes,Bip001 baked JSON; only plays on GrudgeAvatar after loadBakedClip
run-back,0.6667,20,pipeline_locked_if_played,pipeline_locked_if_played,locomotion,unarmed|sword_shield|longbow,grudge_pack:{runB} packs=unarmed|sword_shield|longbow,cdn:assets.grudge-studio.com/anims/baked,wired_cdn_ok,bip001,unarmed|sword_shield|longbow,longbow/run-back,yes,yes,yes,Bip001 baked JSON; only plays on GrudgeAvatar after loadBakedClip
run-left,0.6667,20,pipeline_locked_if_played,pipeline_locked_if_played,locomotion,unarmed|sword_shield|longbow,grudge_pack:{runL} packs=unarmed|sword_shield|longbow,cdn:assets.grudge-studio.com/anims/baked,wired_cdn_ok,bip001,unarmed|sword_shield|longbow,longbow/run-left,yes,yes,yes,Bip001 baked JSON; only plays on GrudgeAvatar after loadBakedClip
run-right,0.7667,20,pipeline_locked_if_played,pipeline_locked_if_played,locomotion,unarmed|sword_shield|longbow,grudge_pack:{runR} packs=unarmed|sword_shield|longbow,cdn:assets.grudge-studio.com/anims/baked,wired_cdn_ok,bip001,unarmed|sword_shield|longbow,longbow/run-right,yes,yes,yes,Bip001 baked JSON; only plays on GrudgeAvatar after loadBakedClip
walk-back,1.4667,20,pipeline_locked_if_played,pipeline_locked_if_played,locomotion,unarmed|sword_shield|longbow,grudge_pack:{walkB} packs=unarmed|sword_shield|longbow,cdn:assets.grudge-studio.com/anims/baked,wired_cdn_ok,bip001,unarmed|sword_shield|longbow,longbow/walk-back,yes,yes,yes,Bip001 baked JSON; only plays on GrudgeAvatar after loadBakedClip
walk-left,1.2,20,pipeline_locked_if_played,pipeline_locked_if_played,locomotion,unarmed|sword_shield|longbow,grudge_pack:{walkL} packs=unarmed|sword_shield|longbow,cdn:assets.grudge-studio.com/anims/baked,wired_cdn_ok,bip001,unarmed|sword_shield|longbow,longbow/walk-left,yes,yes,yes,Bip001 baked JSON; only plays on GrudgeAvatar after loadBakedClip
walk-right,1.2,20,pipeline_locked_if_played,pipeline_locked_if_played,locomotion,unarmed|sword_shield|longbow,grudge_pack:{walkR} packs=unarmed|sword_shield|longbow,cdn:assets.grudge-studio.com/anims/baked,wired_cdn_ok,bip001,unarmed|sword_shield|longbow,longbow/walk-right,yes,yes,yes,Bip001 baked JSON; only plays on GrudgeAvatar after loadBakedClip
fight_idle,2.3667,20,pipeline_locked_if_played,pipeline_locked_if_played,idle,unarmed,grudge_pack:{idle} packs=unarmed,cdn:assets.grudge-studio.com/anims/baked,wired_cdn_ok,bip001,unarmed,unarmed/fight_idle,yes,yes,yes,Bip001 baked JSON; only plays on GrudgeAvatar after loadBakedClip
hip-hop-dancing,,0,not_played_unverified,not_played_unverified,other,NONE_ORPHAN,ORPHAN_NOT_IN_WEAPON_SETS_OR_GLOBAL,local:public/anim,orphan_not_wired,mixamo,extra,animations/extra/hip-hop-dancing,no,yes,fail,load_err=window is not defined; FILE EXISTS BUT NOT REFERENCED IN clipCatalog WEAPON_SETS/GLOBAL/TRAVERSAL
draw-great-sword-2,,0,not_played_unverified,not_played_unverified,weapon_handling,NONE_ORPHAN,ORPHAN_NOT_IN_WEAPON_SETS_OR_GLOBAL,local:public/anim,orphan_not_wired,mixamo,greatsword,animations/greatsword/draw-great-sword-2,no,yes,fail,load_err=THREE.FBXLoader: Unknown property type ; FILE EXISTS BUT NOT REFERENCED IN clipCatalog WEAPON_SETS/GLOBAL/TRAVERSAL
great-sword-blocking,,0,not_played_unverified,not_played_unverified,defense,NONE_ORPHAN,ORPHAN_NOT_IN_WEAPON_SETS_OR_GLOBAL,local:public/anim,orphan_not_wired,mixamo,greatsword,animations/greatsword/great-sword-blocking,no,yes,fail,load_err=THREE.FBXLoader: Unknown property type ; FILE EXISTS BUT NOT REFERENCED IN clipCatalog WEAPON_SETS/GLOBAL/TRAVERSAL
standing-2h-magic-area-attack-01,,0,not_played_unverified,not_played_unverified,attack,NONE_ORPHAN,ORPHAN_NOT_IN_WEAPON_SETS_OR_GLOBAL,local:public/anim,orphan_not_wired,mixamo,magic,animations/magic/standing-2h-magic-area-attack-01,no,yes,fail,load_err=THREE.FBXLoader: Unknown property type ; FILE EXISTS BUT NOT REFERENCED IN clipCatalog WEAPON_SETS/GLOBAL/TRAVERSAL
knocked-out,,0,not_played_unverified,not_played_unverified,reaction,NONE_ORPHAN,ORPHAN_NOT_IN_WEAPON_SETS_OR_GLOBAL,local:public/anim,orphan_not_wired,mixamo,reactions,animations/reactions/knocked-out,no,yes,fail,load_err=document is not defined; FILE EXISTS BUT NOT REFERENCED IN clipCatalog WEAPON_SETS/GLOBAL/TRAVERSAL
parry,0.5,20,not_played_unverified,not_played_unverified,defense,NONE_ORPHAN,ORPHAN_NOT_IN_WEAPON_SETS_OR_GLOBAL,local:public/anim,orphan_on_disk_loads,mixamo,block,animations/block/parry,no,yes,yes,FILE EXISTS BUT NOT REFERENCED IN clipCatalog WEAPON_SETS/GLOBAL/TRAVERSAL
standing-melee-kick,1.4333,21,not_played_unverified,not_played_unverified,attack,NONE_ORPHAN,ORPHAN_NOT_IN_WEAPON_SETS_OR_GLOBAL,local:public/anim,orphan_on_disk_loads,mixamo,bow,animations/bow/standing-melee-kick,no,yes,yes,FILE EXISTS BUT NOT REFERENCED IN clipCatalog WEAPON_SETS/GLOBAL/TRAVERSAL
climbing,3.8333,21,not_played_unverified,not_played_unverified,acrobatics,NONE_ORPHAN,ORPHAN_NOT_IN_WEAPON_SETS_OR_GLOBAL,local:public/anim,orphan_on_disk_loads,mixamo,climb,animations/climb/climbing,no,yes,yes,FILE EXISTS BUT NOT REFERENCED IN clipCatalog WEAPON_SETS/GLOBAL/TRAVERSAL
crouched-to-sprinting,0.5,21,not_played_unverified,not_played_unverified,locomotion,NONE_ORPHAN,ORPHAN_NOT_IN_WEAPON_SETS_OR_GLOBAL,local:public/anim,orphan_on_disk_loads,mixamo,extra,animations/extra/crouched-to-sprinting,no,yes,yes,FILE EXISTS BUT NOT REFERENCED IN clipCatalog WEAPON_SETS/GLOBAL/TRAVERSAL
frisbee-throw,3.3,21,not_played_unverified,not_played_unverified,utility,NONE_ORPHAN,ORPHAN_NOT_IN_WEAPON_SETS_OR_GLOBAL,local:public/anim,orphan_on_disk_loads,mixamo,extra,animations/extra/frisbee-throw,no,yes,yes,FILE EXISTS BUT NOT REFERENCED IN clipCatalog WEAPON_SETS/GLOBAL/TRAVERSAL
male-dynamic-pose,0.0333,21,not_played_unverified,not_played_unverified,other,NONE_ORPHAN,ORPHAN_NOT_IN_WEAPON_SETS_OR_GLOBAL,local:public/anim,orphan_on_disk_loads,mixamo,extra,animations/extra/male-dynamic-pose,no,yes,yes,FILE EXISTS BUT NOT REFERENCED IN clipCatalog WEAPON_SETS/GLOBAL/TRAVERSAL
pushing,1.3333,21,not_played_unverified,not_played_unverified,other,NONE_ORPHAN,ORPHAN_NOT_IN_WEAPON_SETS_OR_GLOBAL,local:public/anim,orphan_on_disk_loads,mixamo,extra,animations/extra/pushing,no,yes,yes,FILE EXISTS BUT NOT REFERENCED IN clipCatalog WEAPON_SETS/GLOBAL/TRAVERSAL
start-swinging,2.0333,21,not_played_unverified,not_played_unverified,other,NONE_ORPHAN,ORPHAN_NOT_IN_WEAPON_SETS_OR_GLOBAL,local:public/anim,orphan_on_disk_loads,mixamo,extra,animations/extra/start-swinging,no,yes,yes,FILE EXISTS BUT NOT REFERENCED IN clipCatalog WEAPON_SETS/GLOBAL/TRAVERSAL
jump,2,21,not_played_unverified,not_played_unverified,acrobatics,NONE_ORPHAN,ORPHAN_NOT_IN_WEAPON_SETS_OR_GLOBAL,local:public/anim,orphan_on_disk_loads,mixamo,pistol,animations/pistol/jump,no,yes,yes,FILE EXISTS BUT NOT REFERENCED IN clipCatalog WEAPON_SETS/GLOBAL/TRAVERSAL
jump-2,0.8,21,not_played_unverified,not_played_unverified,acrobatics,NONE_ORPHAN,ORPHAN_NOT_IN_WEAPON_SETS_OR_GLOBAL,local:public/anim,orphan_on_disk_loads,mixamo,pistol,animations/pistol/jump-2,no,yes,yes,FILE EXISTS BUT NOT REFERENCED IN clipCatalog WEAPON_SETS/GLOBAL/TRAVERSAL
kneel-to-stand,1.3667,21,not_played_unverified,not_played_unverified,idle,NONE_ORPHAN,ORPHAN_NOT_IN_WEAPON_SETS_OR_GLOBAL,local:public/anim,orphan_on_disk_loads,mixamo,pistol,animations/pistol/kneel-to-stand,no,yes,yes,FILE EXISTS BUT NOT REFERENCED IN clipCatalog WEAPON_SETS/GLOBAL/TRAVERSAL
run-backward-arc-left,0.5,21,not_played_unverified,not_played_unverified,locomotion,NONE_ORPHAN,ORPHAN_NOT_IN_WEAPON_SETS_OR_GLOBAL,local:public/anim,orphan_on_disk_loads,mixamo,pistol,animations/pistol/run-backward-arc-left,no,yes,yes,FILE EXISTS BUT NOT REFERENCED IN clipCatalog WEAPON_SETS/GLOBAL/TRAVERSAL
run-backward-arc-right,0.5,21,not_played_unverified,not_played_unverified,locomotion,NONE_ORPHAN,ORPHAN_NOT_IN_WEAPON_SETS_OR_GLOBAL,local:public/anim,orphan_on_disk_loads,mixamo,pistol,animations/pistol/run-backward-arc-right,no,yes,yes,FILE EXISTS BUT NOT REFERENCED IN clipCatalog WEAPON_SETS/GLOBAL/TRAVERSAL
stand-to-kneel,1,21,not_played_unverified,not_played_unverified,idle,NONE_ORPHAN,ORPHAN_NOT_IN_WEAPON_SETS_OR_GLOBAL,local:public/anim,orphan_on_disk_loads,mixamo,pistol,animations/pistol/stand-to-kneel,no,yes,yes,FILE EXISTS BUT NOT REFERENCED IN clipCatalog WEAPON_SETS/GLOBAL/TRAVERSAL
strafe-left,0.5667,21,not_played_unverified,not_played_unverified,locomotion,NONE_ORPHAN,ORPHAN_NOT_IN_WEAPON_SETS_OR_GLOBAL,local:public/anim,orphan_on_disk_loads,mixamo,pistol,animations/pistol/strafe-left,no,yes,yes,FILE EXISTS BUT NOT REFERENCED IN clipCatalog WEAPON_SETS/GLOBAL/TRAVERSAL
strafe-right,0.6,21,not_played_unverified,not_played_unverified,locomotion,NONE_ORPHAN,ORPHAN_NOT_IN_WEAPON_SETS_OR_GLOBAL,local:public/anim,orphan_on_disk_loads,mixamo,pistol,animations/pistol/strafe-right,no,yes,yes,FILE EXISTS BUT NOT REFERENCED IN clipCatalog WEAPON_SETS/GLOBAL/TRAVERSAL
walk-backward-arc-left,0.6,21,not_played_unverified,not_played_unverified,locomotion,NONE_ORPHAN,ORPHAN_NOT_IN_WEAPON_SETS_OR_GLOBAL,local:public/anim,orphan_on_disk_loads,mixamo,pistol,animations/pistol/walk-backward-arc-left,no,yes,yes,FILE EXISTS BUT NOT REFERENCED IN clipCatalog WEAPON_SETS/GLOBAL/TRAVERSAL
walk-backward-arc-right,0.6,21,not_played_unverified,not_played_unverified,locomotion,NONE_ORPHAN,ORPHAN_NOT_IN_WEAPON_SETS_OR_GLOBAL,local:public/anim,orphan_on_disk_loads,mixamo,pistol,animations/pistol/walk-backward-arc-right,no,yes,yes,FILE EXISTS BUT NOT REFERENCED IN clipCatalog WEAPON_SETS/GLOBAL/TRAVERSAL
idle-aiming,2.1,21,not_played_unverified,not_played_unverified,idle,NONE_ORPHAN,ORPHAN_NOT_IN_WEAPON_SETS_OR_GLOBAL,local:public/anim,orphan_on_disk_loads,mixamo,rifle,animations/rifle/idle-aiming,no,yes,yes,FILE EXISTS BUT NOT REFERENCED IN clipCatalog WEAPON_SETS/GLOBAL/TRAVERSAL
Flip_Kick,2.8,21,not_played_unverified,not_played_unverified,attack,NONE_ORPHAN,ORPHAN_NOT_IN_WEAPON_SETS_OR_GLOBAL,local:public/anim,orphan_on_disk_loads,mixamo,striker,animations/striker/Flip_Kick,no,yes,yes,FILE EXISTS BUT NOT REFERENCED IN clipCatalog WEAPON_SETS/GLOBAL/TRAVERSAL
slash-advance,2.5,20,not_played_unverified,not_played_unverified,attack,NONE_ORPHAN,ORPHAN_NOT_IN_WEAPON_SETS_OR_GLOBAL,local:public/anim,orphan_on_disk_loads,mixamo,sword,animations/sword/slash-advance,no,yes,yes,FILE EXISTS BUT NOT REFERENCED IN clipCatalog WEAPON_SETS/GLOBAL/TRAVERSAL
block-react-large,1.3333,20,pipeline_locked_if_played,pipeline_locked_if_played,defense,global,global:{blockReactWide},local:public/anim,wired_and_loads,mixamo,block,animations/block/block-react-large,yes,yes,yes,Duration from FBXLoader; hip/XZ only locked when Studio plays via Animator
great-sword-impact,0.8667,20,pipeline_locked_if_played,pipeline_locked_if_played,defense,global,global:{blockReactHeavy},local:public/anim,wired_and_loads,mixamo,block,animations/block/great-sword-impact,yes,yes,yes,Duration from FBXLoader; hip/XZ only locked when Studio plays via Animator
left-block,1.5,20,pipeline_locked_if_played,pipeline_locked_if_played,defense,global,global:{blockLeft},local:public/anim,wired_and_loads,mixamo,block,animations/block/left-block,yes,yes,yes,Duration from FBXLoader; hip/XZ only locked when Studio plays via Animator
right-block,1.7,20,pipeline_locked_if_played,pipeline_locked_if_played,defense,global,global:{blockRight},local:public/anim,wired_and_loads,mixamo,block,animations/block/right-block,yes,yes,yes,Duration from FBXLoader; hip/XZ only locked when Studio plays via Animator
standing-block-idle,2.7667,20,pipeline_locked_if_played,pipeline_locked_if_played,defense,global,global:{blockGuard},local:public/anim,wired_and_loads,mixamo,block,animations/block/standing-block-idle,yes,yes,yes,Duration from FBXLoader; hip/XZ only locked when Studio plays via Animator
standing-block-react-large,1.3333,20,pipeline_locked_if_played,pipeline_locked_if_played,defense,global,global:{blockReact},local:public/anim,wired_and_loads,mixamo,block,animations/block/standing-block-react-large,yes,yes,yes,Duration from FBXLoader; hip/XZ only locked when Studio plays via Animator
fall-a-land-to-standing-idle-01,0.7,21,pipeline_locked_if_played,pipeline_locked_if_played,idle,universal,universal:{land},local:public/anim,wired_and_loads,mixamo,bow,animations/bow/fall-a-land-to-standing-idle-01,yes,yes,yes,Duration from FBXLoader; hip/XZ only locked when Studio plays via Animator
fall-a-loop,1.0667,21,pipeline_locked_if_played,pipeline_locked_if_played,acrobatics,universal,universal:{jumpAir},local:public/anim,wired_and_loads,mixamo,bow,animations/bow/fall-a-loop,yes,yes,yes,Duration from FBXLoader; hip/XZ only locked when Studio plays via Animator
shooting-arrow,5,20,pipeline_locked_if_played,pipeline_locked_if_played,attack,bow,bow:{attack1},local:public/anim,wired_and_loads,mixamo,bow,animations/bow/shooting-arrow,yes,yes,yes,Duration from FBXLoader; hip/XZ only locked when Studio plays via Animator
standing-aim-overdraw,3.7667,21,pipeline_locked_if_played,pipeline_locked_if_played,idle,bow,bow:{aim},local:public/anim,wired_and_loads,mixamo,bow,animations/bow/standing-aim-overdraw,yes,yes,yes,Duration from FBXLoader; hip/XZ only locked when Studio plays via Animator
standing-aim-recoil,0.7,21,pipeline_locked_if_played,pipeline_locked_if_played,idle,bow,bow:{release},local:public/anim,wired_and_loads,mixamo,bow,animations/bow/standing-aim-recoil,yes,yes,yes,Duration from FBXLoader; hip/XZ only locked when Studio plays via Animator
standing-aim-walk-back,1.4667,21,pipeline_locked_if_played,pipeline_locked_if_played,idle,bow,bow:{walkB},local:public/anim,wired_and_loads,mixamo,bow,animations/bow/standing-aim-walk-back,yes,yes,yes,Duration from FBXLoader; hip/XZ only locked when Studio plays via Animator
standing-aim-walk-forward,1.2,21,pipeline_locked_if_played,pipeline_locked_if_played,idle,bow,bow:{walkF},local:public/anim,wired_and_loads,mixamo,bow,animations/bow/standing-aim-walk-forward,yes,yes,yes,Duration from FBXLoader; hip/XZ only locked when Studio plays via Animator
standing-aim-walk-left,1.2,21,pipeline_locked_if_played,pipeline_locked_if_played,idle,bow,bow:{walkL},local:public/anim,wired_and_loads,mixamo,bow,animations/bow/standing-aim-walk-left,yes,yes,yes,Duration from FBXLoader; hip/XZ only locked when Studio plays via Animator
standing-aim-walk-right,1.3,21,pipeline_locked_if_played,pipeline_locked_if_played,idle,bow,bow:{walkR},local:public/anim,wired_and_loads,mixamo,bow,animations/bow/standing-aim-walk-right,yes,yes,yes,Duration from FBXLoader; hip/XZ only locked when Studio plays via Animator
standing-block,2,21,pipeline_locked_if_played,pipeline_locked_if_played,defense,knife,knife:{blockStart+blockIdle},local:public/anim,wired_and_loads,mixamo,bow,animations/bow/standing-block,yes,yes,yes,Duration from FBXLoader; hip/XZ only locked when Studio plays via Animator
standing-death-forward-01,3.1667,21,pipeline_locked_if_played,pipeline_locked_if_played,reaction,bow|knife|unarmed,unarmed:{death} | knife:{death} | bow:{death},local:public/anim,wired_and_loads,mixamo,bow,animations/bow/standing-death-forward-01,yes,yes,yes,Duration from FBXLoader; hip/XZ only locked when Studio plays via Animator
standing-disarm-bow,1.1,21,pipeline_locked_if_played,pipeline_locked_if_played,weapon_handling,bow,bow:{disarm},local:public/anim,wired_and_loads,mixamo,bow,animations/bow/standing-disarm-bow,yes,yes,yes,Duration from FBXLoader; hip/XZ only locked when Studio plays via Animator
standing-dive-forward,1.6333,21,pipeline_locked_if_played,pipeline_locked_if_played,dodge,universal,universal:{dash},local:public/anim,wired_and_loads,mixamo,bow,animations/bow/standing-dive-forward,yes,yes,yes,Duration from FBXLoader; hip/XZ only locked when Studio plays via Animator
standing-dodge-backward,1.6333,21,pipeline_locked_if_played,pipeline_locked_if_played,dodge,universal,universal:{dodgeB},local:public/anim,wired_and_loads,mixamo,bow,animations/bow/standing-dodge-backward,yes,yes,yes,Duration from FBXLoader; hip/XZ only locked when Studio plays via Animator
standing-dodge-forward,1,21,pipeline_locked_if_played,pipeline_locked_if_played,dodge,universal,universal:{dodgeF},local:public/anim,wired_and_loads,mixamo,bow,animations/bow/standing-dodge-forward,yes,yes,yes,Duration from FBXLoader; hip/XZ only locked when Studio plays via Animator
standing-dodge-left,0.9667,21,pipeline_locked_if_played,pipeline_locked_if_played,dodge,universal,universal:{dodgeL},local:public/anim,wired_and_loads,mixamo,bow,animations/bow/standing-dodge-left,yes,yes,yes,Duration from FBXLoader; hip/XZ only locked when Studio plays via Animator
standing-dodge-right,0.9667,21,pipeline_locked_if_played,pipeline_locked_if_played,dodge,universal,universal:{dodgeR},local:public/anim,wired_and_loads,mixamo,bow,animations/bow/standing-dodge-right,yes,yes,yes,Duration from FBXLoader; hip/XZ only locked when Studio plays via Animator
standing-draw-arrow,1.0333,21,pipeline_locked_if_played,pipeline_locked_if_played,weapon_handling,bow,bow:{drawArrow},local:public/anim,wired_and_loads,mixamo,bow,animations/bow/standing-draw-arrow,yes,yes,yes,Duration from FBXLoader; hip/XZ only locked when Studio plays via Animator
standing-equip-bow,0.9,21,pipeline_locked_if_played,pipeline_locked_if_played,weapon_handling,bow,bow:{equip},local:public/anim,wired_and_loads,mixamo,bow,animations/bow/standing-equip-bow,yes,yes,yes,Duration from FBXLoader; hip/XZ only locked when Studio plays via Animator
standing-idle-01,5.1,21,pipeline_locked_if_played,pipeline_locked_if_played,idle,bow|unarmed,bow:{idle+idles} | unarmed:{idles},local:public/anim,wired_and_loads,mixamo,bow,animations/bow/standing-idle-01,yes,yes,yes,Duration from FBXLoader; hip/XZ only locked when Studio plays via Animator
standing-melee-punch,1,21,pipeline_locked_if_played,pipeline_locked_if_played,attack,unarmed,unarmed:{attack1},local:public/anim,wired_and_loads,mixamo,bow,animations/bow/standing-melee-punch,yes,yes,yes,Duration from FBXLoader; hip/XZ only locked when Studio plays via Animator
standing-react-small-from-front,1.2667,21,pipeline_locked_if_played,pipeline_locked_if_played,reaction,bow|knife|pistol|unarmed,unarmed:{hit} | knife:{hit} | pistol:{hit} | bow:{hit},local:public/anim,wired_and_loads,mixamo,bow,animations/bow/standing-react-small-from-front,yes,yes,yes,Duration from FBXLoader; hip/XZ only locked when Studio plays via Animator
standing-run-back,0.6667,21,pipeline_locked_if_played,pipeline_locked_if_played,locomotion,universal,universal:{runB},local:public/anim,wired_and_loads,mixamo,bow,animations/bow/standing-run-back,yes,yes,yes,Duration from FBXLoader; hip/XZ only locked when Studio plays via Animator
standing-run-forward,0.8667,21,pipeline_locked_if_played,pipeline_locked_if_played,locomotion,universal,universal:{runF},local:public/anim,wired_and_loads,mixamo,bow,animations/bow/standing-run-forward,yes,yes,yes,Duration from FBXLoader; hip/XZ only locked when Studio plays via Animator
standing-run-left,0.6667,21,pipeline_locked_if_played,pipeline_locked_if_played,locomotion,universal,universal:{runL},local:public/anim,wired_and_loads,mixamo,bow,animations/bow/standing-run-left,yes,yes,yes,Duration from FBXLoader; hip/XZ only locked when Studio plays via Animator
standing-run-right,0.7667,21,pipeline_locked_if_played,pipeline_locked_if_played,locomotion,universal,universal:{runR},local:public/anim,wired_and_loads,mixamo,bow,animations/bow/standing-run-right,yes,yes,yes,Duration from FBXLoader; hip/XZ only locked when Studio plays via Animator
standing-turn-90-left,1.2667,21,pipeline_locked_if_played,pipeline_locked_if_played,locomotion,bow|unarmed,unarmed:{turnL} | bow:{turnL},local:public/anim,wired_and_loads,mixamo,bow,animations/bow/standing-turn-90-left,yes,yes,yes,Duration from FBXLoader; hip/XZ only locked when Studio plays via Animator
standing-turn-90-right,1.1,21,pipeline_locked_if_played,pipeline_locked_if_played,locomotion,bow|unarmed,unarmed:{turnR} | bow:{turnR},local:public/anim,wired_and_loads,mixamo,bow,animations/bow/standing-turn-90-right,yes,yes,yes,Duration from FBXLoader; hip/XZ only locked when Studio plays via Animator
standing-walk-back,1.4667,21,pipeline_locked_if_played,pipeline_locked_if_played,locomotion,universal,universal:{walkB},local:public/anim,wired_and_loads,mixamo,bow,animations/bow/standing-walk-back,yes,yes,yes,Duration from FBXLoader; hip/XZ only locked when Studio plays via Animator
standing-walk-forward,1.2,21,pipeline_locked_if_played,pipeline_locked_if_played,locomotion,universal,universal:{walkF},local:public/anim,wired_and_loads,mixamo,bow,animations/bow/standing-walk-forward,yes,yes,yes,Duration from FBXLoader; hip/XZ only locked when Studio plays via Animator
standing-walk-left,1.2,21,pipeline_locked_if_played,pipeline_locked_if_played,locomotion,universal,universal:{walkL},local:public/anim,wired_and_loads,mixamo,bow,animations/bow/standing-walk-left,yes,yes,yes,Duration from FBXLoader; hip/XZ only locked when Studio plays via Animator
standing-walk-right,1.2,21,pipeline_locked_if_played,pipeline_locked_if_played,locomotion,universal,universal:{walkR},local:public/anim,wired_and_loads,mixamo,bow,animations/bow/standing-walk-right,yes,yes,yes,Duration from FBXLoader; hip/XZ only locked when Studio plays via Animator
unarmed-idle-01,5.1,21,pipeline_locked_if_played,pipeline_locked_if_played,idle,bow|unarmed|universal,universal:{idle} | unarmed:{idles} | bow:{idles},local:public/anim,wired_and_loads,mixamo,bow,animations/bow/unarmed-idle-01,yes,yes,yes,Duration from FBXLoader; hip/XZ only locked when Studio plays via Animator
climbing-down-wall,2,21,pipeline_locked_if_played,pipeline_locked_if_played,acrobatics,climb,traversal:{back},local:public/anim,wired_and_loads,mixamo,climb,animations/climb/climbing-down-wall,yes,yes,yes,Duration from FBXLoader; hip/XZ only locked when Studio plays via Animator
climbing-to-top,4,21,pipeline_locked_if_played,pipeline_locked_if_played,acrobatics,global,global:{mantle},local:public/anim,wired_and_loads,mixamo,climb,animations/climb/climbing-to-top,yes,yes,yes,Duration from FBXLoader; hip/XZ only locked when Studio plays via Animator
climbing-up-wall,2,21,pipeline_locked_if_played,pipeline_locked_if_played,acrobatics,climb,traversal:{forward},local:public/anim,wired_and_loads,mixamo,climb,animations/climb/climbing-up-wall,yes,yes,yes,Duration from FBXLoader; hip/XZ only locked when Studio plays via Animator
freehang-climb,3.8667,20,pipeline_locked_if_played,pipeline_locked_if_played,idle,climb,traversal:{idle},local:public/anim,wired_and_loads,mixamo,climb,animations/climb/freehang-climb,yes,yes,yes,Duration from FBXLoader; hip/XZ only locked when Studio plays via Animator
aerial-evade,3.6667,21,pipeline_locked_if_played,pipeline_locked_if_played,dodge,universal,universal:{airDodge},local:public/anim,wired_and_loads,mixamo,extra,animations/extra/aerial-evade,yes,yes,yes,Duration from FBXLoader; hip/XZ only locked when Studio plays via Animator
aim-idle,3.7667,20,pipeline_locked_if_played,pipeline_locked_if_played,idle,pistol,pistol:{aim},local:public/anim,wired_and_loads,mixamo,extra,animations/extra/aim-idle,yes,yes,yes,Duration from FBXLoader; hip/XZ only locked when Studio plays via Animator
backwards-jump,0.9333,20,pipeline_locked_if_played,pipeline_locked_if_played,acrobatics,global,global:{backJump},local:public/anim,wired_and_loads,mixamo,extra,animations/extra/backwards-jump,yes,yes,yes,Duration from FBXLoader; hip/XZ only locked when Studio plays via Animator
baseball-hit,2.9,21,pipeline_locked_if_played,pipeline_locked_if_played,reaction,global,global:{stumble},local:public/anim,wired_and_loads,mixamo,extra,animations/extra/baseball-hit,yes,yes,yes,Duration from FBXLoader; hip/XZ only locked when Studio plays via Animator
butterfly-twirl,3.0667,21,pipeline_locked_if_played,pipeline_locked_if_played,acrobatics,universal,universal:{butterflyTwirl},local:public/anim,wired_and_loads,mixamo,extra,animations/extra/butterfly-twirl,yes,yes,yes,Duration from FBXLoader; hip/XZ only locked when Studio plays via Animator
corkscrew-evade,2.5,21,pipeline_locked_if_played,pipeline_locked_if_played,dodge,universal,universal:{corkscrewEvade},local:public/anim,wired_and_loads,mixamo,extra,animations/extra/corkscrew-evade,yes,yes,yes,Duration from FBXLoader; hip/XZ only locked when Studio plays via Animator
corkscrew-kip-up,2.7667,21,pipeline_locked_if_played,pipeline_locked_if_played,reaction,pistol,pistol:{kipUp},local:public/anim,wired_and_loads,mixamo,extra,animations/extra/corkscrew-kip-up,yes,yes,yes,Duration from FBXLoader; hip/XZ only locked when Studio plays via Animator
crouch-to-sprint,0.5,20,pipeline_locked_if_played,pipeline_locked_if_played,dodge,greataxe|greatsword|mace2h,greatsword:{dash} | greataxe:{dash} | mace2h:{dash},local:public/anim,wired_and_loads,mixamo,extra,animations/extra/crouch-to-sprint,yes,yes,yes,Duration from FBXLoader; hip/XZ only locked when Studio plays via Animator
evading-a-threat,3.7,20,pipeline_locked_if_played,pipeline_locked_if_played,dodge,global,global:{evadeThreat},local:public/anim,wired_and_loads,mixamo,extra,animations/extra/evading-a-threat,yes,yes,yes,Duration from FBXLoader; hip/XZ only locked when Studio plays via Animator
front-flip,1.1333,21,pipeline_locked_if_played,pipeline_locked_if_played,acrobatics,universal,universal:{frontFlip},local:public/anim,wired_and_loads,mixamo,extra,animations/extra/front-flip,yes,yes,yes,Duration from FBXLoader; hip/XZ only locked when Studio plays via Animator
front-twist-flip,2.2,21,pipeline_locked_if_played,pipeline_locked_if_played,acrobatics,universal,universal:{twistFlip},local:public/anim,wired_and_loads,mixamo,extra,animations/extra/front-twist-flip,yes,yes,yes,Duration from FBXLoader; hip/XZ only locked when Studio plays via Animator
grenade-throw,2.7667,21,pipeline_locked_if_played,pipeline_locked_if_played,utility,global,global:{throw},local:public/anim,wired_and_loads,mixamo,extra,animations/extra/grenade-throw,yes,yes,yes,Duration from FBXLoader; hip/XZ only locked when Studio plays via Animator
hurricane-kick,1.8333,21,pipeline_locked_if_played,pipeline_locked_if_played,attack,unarmed,unarmed:{hurricaneKick},local:public/anim,wired_and_loads,mixamo,extra,animations/extra/hurricane-kick,yes,yes,yes,Duration from FBXLoader; hip/XZ only locked when Studio plays via Animator
illegal-headbutt,2.2333,20,pipeline_locked_if_played,pipeline_locked_if_played,attack,global,global:{headbutt},local:public/anim,wired_and_loads,mixamo,extra,animations/extra/illegal-headbutt,yes,yes,yes,Duration from FBXLoader; hip/XZ only locked when Studio plays via Animator
intoout,1.6667,20,pipeline_locked_if_played,pipeline_locked_if_played,defense,bow,bow:{blockStart+blockIdle},local:public/anim,wired_and_loads,mixamo,extra,animations/extra/intoout,yes,yes,yes,Duration from FBXLoader; hip/XZ only locked when Studio plays via Animator
jump-away,2.6333,20,pipeline_locked_if_played,pipeline_locked_if_played,dodge,greataxe|greatsword|mace2h,greatsword:{dodgeB} | greataxe:{dodgeB} | mace2h:{dodgeB},local:public/anim,wired_and_loads,mixamo,extra,animations/extra/jump-away,yes,yes,yes,Duration from FBXLoader; hip/XZ only locked when Studio plays via Animator
jump-up,2.3,20,pipeline_locked_if_played,pipeline_locked_if_played,acrobatics,greatsword|mace2h|spear,greatsword:{jumpAir} | spear:{jumpAir} | mace2h:{jumpAir},local:public/anim,wired_and_loads,mixamo,extra,animations/extra/jump-up,yes,yes,yes,Duration from FBXLoader; hip/XZ only locked when Studio plays via Animator
jumping-down,3.2333,20,pipeline_locked_if_played,pipeline_locked_if_played,acrobatics,global,global:{jumpDown},local:public/anim,wired_and_loads,mixamo,extra,animations/extra/jumping-down,yes,yes,yes,Duration from FBXLoader; hip/XZ only locked when Studio plays via Animator
left-side-step,0.8333,20,pipeline_locked_if_played,pipeline_locked_if_played,dodge,global,global:{sideStepL},local:public/anim,wired_and_loads,mixamo,extra,animations/extra/left-side-step,yes,yes,yes,Duration from FBXLoader; hip/XZ only locked when Studio plays via Animator
long-backward-jump,1.6667,20,pipeline_locked_if_played,pipeline_locked_if_played,acrobatics,global,global:{longBackJump},local:public/anim,wired_and_loads,mixamo,extra,animations/extra/long-backward-jump,yes,yes,yes,Duration from FBXLoader; hip/XZ only locked when Studio plays via Animator
quick-roll-to-run,1.4,21,pipeline_locked_if_played,pipeline_locked_if_played,dodge,unarmed,unarmed:{dash},local:public/anim,wired_and_loads,mixamo,extra,animations/extra/quick-roll-to-run,yes,yes,yes,Duration from FBXLoader; hip/XZ only locked when Studio plays via Animator
right-pivot,1.2333,20,pipeline_locked_if_played,pipeline_locked_if_played,other,global,global:{pivotR},local:public/anim,wired_and_loads,mixamo,extra,animations/extra/right-pivot,yes,yes,yes,Duration from FBXLoader; hip/XZ only locked when Studio plays via Animator
run-jump-attack,3.6667,20,pipeline_locked_if_played,pipeline_locked_if_played,attack,greataxe|knife,knife:{jumpAttack} | greataxe:{skill},local:public/anim,wired_and_loads,mixamo,extra,animations/extra/run-jump-attack,yes,yes,yes,Duration from FBXLoader; hip/XZ only locked when Studio plays via Animator
running-forward-flip,1.1,20,pipeline_locked_if_played,pipeline_locked_if_played,locomotion,global,global:{runningFlip},local:public/anim,wired_and_loads,mixamo,extra,animations/extra/running-forward-flip,yes,yes,yes,Duration from FBXLoader; hip/XZ only locked when Studio plays via Animator
running-slide,1.5333,21,pipeline_locked_if_played,pipeline_locked_if_played,locomotion,global,global:{slide},local:public/anim,wired_and_loads,mixamo,extra,animations/extra/running-slide,yes,yes,yes,Duration from FBXLoader; hip/XZ only locked when Studio plays via Animator
spinning,1.7,21,pipeline_locked_if_played,pipeline_locked_if_played,dodge,universal,universal:{spinEvade},local:public/anim,wired_and_loads,mixamo,extra,animations/extra/spinning,yes,yes,yes,Duration from FBXLoader; hip/XZ only locked when Studio plays via Animator
stomp,1.8667,20,pipeline_locked_if_played,pipeline_locked_if_played,attack,global,global:{stomp},local:public/anim,wired_and_loads,mixamo,extra,animations/extra/stomp,yes,yes,yes,Duration from FBXLoader; hip/XZ only locked when Studio plays via Animator
stylish-flip,2.1333,20,pipeline_locked_if_played,pipeline_locked_if_played,acrobatics,global,global:{stylishFlip},local:public/anim,wired_and_loads,mixamo,extra,animations/extra/stylish-flip,yes,yes,yes,Duration from FBXLoader; hip/XZ only locked when Studio plays via Animator
utility-kick,3.4,21,pipeline_locked_if_played,pipeline_locked_if_played,attack,universal,universal:{utilityKick},local:public/anim,wired_and_loads,mixamo,extra,animations/extra/utility-kick,yes,yes,yes,Duration from FBXLoader; hip/XZ only locked when Studio plays via Animator
dig-and-plant-seeds,5.5,21,pipeline_locked_if_played,pipeline_locked_if_played,traversal,global,global:{harvest},local:public/anim,wired_and_loads,mixamo,farming,animations/farming/dig-and-plant-seeds,yes,yes,yes,Duration from FBXLoader; hip/XZ only locked when Studio plays via Animator
pick-fruit,8,21,pipeline_locked_if_played,pipeline_locked_if_played,traversal,global,global:{pick},local:public/anim,wired_and_loads,mixamo,farming,animations/farming/pick-fruit,yes,yes,yes,Duration from FBXLoader; hip/XZ only locked when Studio plays via Animator
plant-tree,9.2667,21,pipeline_locked_if_played,pipeline_locked_if_played,traversal,global,global:{plantTree},local:public/anim,wired_and_loads,mixamo,farming,animations/farming/plant-tree,yes,yes,yes,Duration from FBXLoader; hip/XZ only locked when Studio plays via Animator
pull-plant,4.6667,21,pipeline_locked_if_played,pipeline_locked_if_played,traversal,global,global:{pullPlant},local:public/anim,wired_and_loads,mixamo,farming,animations/farming/pull-plant,yes,yes,yes,Duration from FBXLoader; hip/XZ only locked when Studio plays via Animator
watering,5.6,21,pipeline_locked_if_played,pipeline_locked_if_played,traversal,global,global:{water},local:public/anim,wired_and_loads,mixamo,farming,animations/farming/watering,yes,yes,yes,Duration from FBXLoader; hip/XZ only locked when Studio plays via Animator
acknowledging,1.9333,21,pipeline_locked_if_played,pipeline_locked_if_played,gesture,global,global:{gestureAcknowledge},local:public/anim,wired_and_loads,mixamo,gestures,animations/gestures/acknowledging,yes,yes,yes,Duration from FBXLoader; hip/XZ only locked when Studio plays via Animator
acknowledging,1.9333,22,pipeline_locked_if_played,pipeline_locked_if_played,gesture,global,global:{gestureAcknowledge},local:public/anim,wired_and_loads,mixamo,gestures,animations/gestures/acknowledging,yes,yes,yes,Duration from FBXLoader; hip/XZ only locked when Studio plays via Animator
being-cocky,2.1667,21,pipeline_locked_if_played,pipeline_locked_if_played,gesture,global,global:{gestureCocky},local:public/anim,wired_and_loads,mixamo,gestures,animations/gestures/being-cocky,yes,yes,yes,Duration from FBXLoader; hip/XZ only locked when Studio plays via Animator
being-cocky,2.1667,22,pipeline_locked_if_played,pipeline_locked_if_played,gesture,global,global:{gestureCocky},local:public/anim,wired_and_loads,mixamo,gestures,animations/gestures/being-cocky,yes,yes,yes,Duration from FBXLoader; hip/XZ only locked when Studio plays via Animator
dismissing-gesture,2.9667,21,pipeline_locked_if_played,pipeline_locked_if_played,gesture,global,global:{gestureDismiss},local:public/anim,wired_and_loads,mixamo,gestures,animations/gestures/dismissing-gesture,yes,yes,yes,Duration from FBXLoader; hip/XZ only locked when Studio plays via Animator
dismissing-gesture,2.9667,22,pipeline_locked_if_played,pipeline_locked_if_played,gesture,global,global:{gestureDismiss},local:public/anim,wired_and_loads,mixamo,gestures,animations/gestures/dismissing-gesture,yes,yes,yes,Duration from FBXLoader; hip/XZ only locked when Studio plays via Animator
happy-hand-gesture,2.5333,21,pipeline_locked_if_played,pipeline_locked_if_played,gesture,global,global:{gestureHappy},local:public/anim,wired_and_loads,mixamo,gestures,animations/gestures/happy-hand-gesture,yes,yes,yes,Duration from FBXLoader; hip/XZ only locked when Studio plays via Animator
happy-hand-gesture,2.5333,22,pipeline_locked_if_played,pipeline_locked_if_played,gesture,global,global:{gestureHappy},local:public/anim,wired_and_loads,mixamo,gestures,animations/gestures/happy-hand-gesture,yes,yes,yes,Duration from FBXLoader; hip/XZ only locked when Studio plays via Animator
look-away-gesture,2.3333,21,pipeline_locked_if_played,pipeline_locked_if_played,gesture,global,global:{gestureLookAway},local:public/anim,wired_and_loads,mixamo,gestures,animations/gestures/look-away-gesture,yes,yes,yes,Duration from FBXLoader; hip/XZ only locked when Studio plays via Animator
look-away-gesture,2.3333,22,pipeline_locked_if_played,pipeline_locked_if_played,gesture,global,global:{gestureLookAway},local:public/anim,wired_and_loads,mixamo,gestures,animations/gestures/look-away-gesture,yes,yes,yes,Duration from FBXLoader; hip/XZ only locked when Studio plays via Animator
relieved-sigh,3,21,pipeline_locked_if_played,pipeline_locked_if_played,gesture,global,global:{gestureRelievedSigh},local:public/anim,wired_and_loads,mixamo,gestures,animations/gestures/relieved-sigh,yes,yes,yes,Duration from FBXLoader; hip/XZ only locked when Studio plays via Animator
relieved-sigh,3,22,pipeline_locked_if_played,pipeline_locked_if_played,gesture,global,global:{gestureRelievedSigh},local:public/anim,wired_and_loads,mixamo,gestures,animations/gestures/relieved-sigh,yes,yes,yes,Duration from FBXLoader; hip/XZ only locked when Studio plays via Animator
thoughtful-head-shake,2.9667,21,pipeline_locked_if_played,pipeline_locked_if_played,gesture,global,global:{gestureHeadShake},local:public/anim,wired_and_loads,mixamo,gestures,animations/gestures/thoughtful-head-shake,yes,yes,yes,Duration from FBXLoader; hip/XZ only locked when Studio plays via Animator
thoughtful-head-shake,2.9667,22,pipeline_locked_if_played,pipeline_locked_if_played,gesture,global,global:{gestureHeadShake},local:public/anim,wired_and_loads,mixamo,gestures,animations/gestures/thoughtful-head-shake,yes,yes,yes,Duration from FBXLoader; hip/XZ only locked when Studio plays via Animator
weight-shift,9.4333,21,pipeline_locked_if_played,pipeline_locked_if_played,gesture,global,global:{gestureWeightShift},local:public/anim,wired_and_loads,mixamo,gestures,animations/gestures/weight-shift,yes,yes,yes,Duration from FBXLoader; hip/XZ only locked when Studio plays via Animator
weight-shift,9.4333,22,pipeline_locked_if_played,pipeline_locked_if_played,gesture,global,global:{gestureWeightShift},local:public/anim,wired_and_loads,mixamo,gestures,animations/gestures/weight-shift,yes,yes,yes,Duration from FBXLoader; hip/XZ only locked when Studio plays via Animator
great-axe-combo,5.4333,20,pipeline_locked_if_played,pipeline_locked_if_played,attack,greataxe,greataxe:{attack1},local:public/anim,wired_and_loads,mixamo,greataxe,animations/greataxe/great-axe-combo,yes,yes,yes,Duration from FBXLoader; hip/XZ only locked when Studio plays via Animator
draw-great-sword-1,0.5,21,pipeline_locked_if_played,pipeline_locked_if_played,weapon_handling,greatsword|mace2h,greatsword:{draw+sheath} | mace2h:{draw+sheath},local:public/anim,wired_and_loads,mixamo,greatsword,animations/greatsword/draw-great-sword-1,yes,yes,yes,Duration from FBXLoader; hip/XZ only locked when Studio plays via Animator
great-sword-blocking-2,0.9667,21,pipeline_locked_if_played,pipeline_locked_if_played,defense,greataxe|greatsword|hammer2h|mace2h|spear,greatsword:{blockStart+blockIdle} | spear:{blockStart+blockIdle} | greataxe:{blockStart+blockIdle} | hammer2h:{blockStart+blockIdle} | mace2h:{blockStart+blockIdle},local:public/anim,wired_and_loads,mixamo,greatsword,animations/greatsword/great-sword-blocking-2,yes,yes,yes,Duration from FBXLoader; hip/XZ only locked when Studio plays via Animator
great-sword-combo,3.2667,20,pipeline_locked_if_played,pipeline_locked_if_played,attack,greatsword|mace2h,greatsword:{attack1} | mace2h:{attack1},local:public/anim,wired_and_loads,mixamo,greatsword,animations/greatsword/great-sword-combo,yes,yes,yes,Duration from FBXLoader; hip/XZ only locked when Studio plays via Animator
great-sword-high-spin-attack,1.8667,21,pipeline_locked_if_played,pipeline_locked_if_played,attack,greatsword|hammer|hammer2h|mace2h,greatsword:{skill} | hammer:{skill} | hammer2h:{skill} | mace2h:{stab},local:public/anim,wired_and_loads,mixamo,greatsword,animations/greatsword/great-sword-high-spin-attack,yes,yes,yes,Duration from FBXLoader; hip/XZ only locked when Studio plays via Animator
great-sword-idle,1.9,20,pipeline_locked_if_played,pipeline_locked_if_played,idle,greatsword|mace2h,greatsword:{idle} | mace2h:{idle},local:public/anim,wired_and_loads,mixamo,greatsword,animations/greatsword/great-sword-idle,yes,yes,yes,Duration from FBXLoader; hip/XZ only locked when Studio plays via Animator
great-sword-impact,0.8667,21,pipeline_locked_if_played,pipeline_locked_if_played,reaction,axe|greataxe|greatsword|hammer|hammer2h|mace|mace2h|spear,greatsword:{hit} | axe:{hit} | mace:{hit} | spear:{hit} | hammer:{hit} | greataxe:{hit} | hammer2h:{hit} | mace2h:{hit},local:public/anim,wired_and_loads,mixamo,greatsword,animations/greatsword/great-sword-impact,yes,yes,yes,Duration from FBXLoader; hip/XZ only locked when Studio plays via Animator
great-sword-jump-attack,2.1667,21,pipeline_locked_if_played,pipeline_locked_if_played,attack,axe|greataxe|hammer2h,axe:{skill} | greataxe:{stab} | hammer2h:{attack3+stab},local:public/anim,wired_and_loads,mixamo,greatsword,animations/greatsword/great-sword-jump-attack,yes,yes,yes,Duration from FBXLoader; hip/XZ only locked when Studio plays via Animator
great-sword-run,0.7333,20,pipeline_locked_if_played,pipeline_locked_if_played,locomotion,greatsword|mace2h,greatsword:{runF} | mace2h:{runF},local:public/anim,wired_and_loads,mixamo,greatsword,animations/greatsword/great-sword-run,yes,yes,yes,Duration from FBXLoader; hip/XZ only locked when Studio plays via Animator
great-sword-run-2,0.6,20,pipeline_locked_if_played,pipeline_locked_if_played,locomotion,greatsword|mace2h,greatsword:{runB} | mace2h:{runB},local:public/anim,wired_and_loads,mixamo,greatsword,animations/greatsword/great-sword-run-2,yes,yes,yes,Duration from FBXLoader; hip/XZ only locked when Studio plays via Animator
great-sword-slash,1.2333,21,pipeline_locked_if_played,pipeline_locked_if_played,attack,greatsword,greatsword:{attack6},local:public/anim,wired_and_loads,mixamo,greatsword,animations/greatsword/great-sword-slash,yes,yes,yes,Duration from FBXLoader; hip/XZ only locked when Studio plays via Animator
great-sword-slash-2,3.5333,21,pipeline_locked_if_played,pipeline_locked_if_played,attack,hammer2h,hammer2h:{attack2},local:public/anim,wired_and_loads,mixamo,greatsword,animations/greatsword/great-sword-slash-2,yes,yes,yes,Duration from FBXLoader; hip/XZ only locked when Studio plays via Animator
great-sword-slash-3,1.8333,21,pipeline_locked_if_played,pipeline_locked_if_played,attack,greatsword|mace2h,greatsword:{attack3} | mace2h:{attack3},local:public/anim,wired_and_loads,mixamo,greatsword,animations/greatsword/great-sword-slash-3,yes,yes,yes,Duration from FBXLoader; hip/XZ only locked when Studio plays via Animator
great-sword-slash-4,1.8,21,pipeline_locked_if_played,pipeline_locked_if_played,attack,greatsword|mace2h,greatsword:{attack4} | mace2h:{attack4},local:public/anim,wired_and_loads,mixamo,greatsword,animations/greatsword/great-sword-slash-4,yes,yes,yes,Duration from FBXLoader; hip/XZ only locked when Studio plays via Animator
great-sword-slash-5,1.4333,21,pipeline_locked_if_played,pipeline_locked_if_played,attack,greatsword|mace2h,greatsword:{attack5} | mace2h:{attack5},local:public/anim,wired_and_loads,mixamo,greatsword,animations/greatsword/great-sword-slash-5,yes,yes,yes,Duration from FBXLoader; hip/XZ only locked when Studio plays via Animator
great-sword-strafe,1.0667,20,pipeline_locked_if_played,pipeline_locked_if_played,locomotion,greatsword|mace2h,greatsword:{walkL} | mace2h:{walkL},local:public/anim,wired_and_loads,mixamo,greatsword,animations/greatsword/great-sword-strafe,yes,yes,yes,Duration from FBXLoader; hip/XZ only locked when Studio plays via Animator
great-sword-strafe-2,1.1667,20,pipeline_locked_if_played,pipeline_locked_if_played,locomotion,greatsword|mace2h,greatsword:{walkR} | mace2h:{walkR},local:public/anim,wired_and_loads,mixamo,greatsword,animations/greatsword/great-sword-strafe-2,yes,yes,yes,Duration from FBXLoader; hip/XZ only locked when Studio plays via Animator
great-sword-strafe-3,0.5333,20,pipeline_locked_if_played,pipeline_locked_if_played,locomotion,greatsword|mace2h,greatsword:{runL} | mace2h:{runL},local:public/anim,wired_and_loads,mixamo,greatsword,animations/greatsword/great-sword-strafe-3,yes,yes,yes,Duration from FBXLoader; hip/XZ only locked when Studio plays via Animator
great-sword-strafe-4,0.6333,20,pipeline_locked_if_played,pipeline_locked_if_played,locomotion,greatsword|mace2h,greatsword:{runR} | mace2h:{runR},local:public/anim,wired_and_loads,mixamo,greatsword,animations/greatsword/great-sword-strafe-4,yes,yes,yes,Duration from FBXLoader; hip/XZ only locked when Studio plays via Animator
great-sword-turn,0.7333,20,pipeline_locked_if_played,pipeline_locked_if_played,locomotion,greataxe|greatsword|hammer2h|mace2h|spear,greatsword:{turnL} | spear:{turnL} | greataxe:{turnL} | hammer2h:{turnL} | mace2h:{turnL},local:public/anim,wired_and_loads,mixamo,greatsword,animations/greatsword/great-sword-turn,yes,yes,yes,Duration from FBXLoader; hip/XZ only locked when Studio plays via Animator
great-sword-turn-2,0.8333,20,pipeline_locked_if_played,pipeline_locked_if_played,locomotion,greataxe|greatsword|hammer2h|mace2h|spear,greatsword:{turnR} | spear:{turnR} | greataxe:{turnR} | hammer2h:{turnR} | mace2h:{turnR},local:public/anim,wired_and_loads,mixamo,greatsword,animations/greatsword/great-sword-turn-2,yes,yes,yes,Duration from FBXLoader; hip/XZ only locked when Studio plays via Animator
great-sword-walk,1.3667,20,pipeline_locked_if_played,pipeline_locked_if_played,locomotion,greatsword|mace2h,greatsword:{walkF} | mace2h:{walkF},local:public/anim,wired_and_loads,mixamo,greatsword,animations/greatsword/great-sword-walk,yes,yes,yes,Duration from FBXLoader; hip/XZ only locked when Studio plays via Animator
great-sword-walk-2,1.1667,20,pipeline_locked_if_played,pipeline_locked_if_played,locomotion,greatsword|mace2h,greatsword:{walkB} | mace2h:{walkB},local:public/anim,wired_and_loads,mixamo,greatsword,animations/greatsword/great-sword-walk-2,yes,yes,yes,Duration from FBXLoader; hip/XZ only locked when Studio plays via Animator
heavy-weapon-swing,5.2,20,pipeline_locked_if_played,pipeline_locked_if_played,attack,greataxe|greatsword|hammer2h|mace2h,greatsword:{attack2} | greataxe:{attack2} | hammer2h:{attack1} | mace2h:{attack2},local:public/anim,wired_and_loads,mixamo,greatsword,animations/greatsword/heavy-weapon-swing,yes,yes,yes,Duration from FBXLoader; hip/XZ only locked when Studio plays via Animator
quick-slash,1.2667,20,pipeline_locked_if_played,pipeline_locked_if_played,attack,greatsword,greatsword:{stab},local:public/anim,wired_and_loads,mixamo,greatsword,animations/greatsword/quick-slash,yes,yes,yes,Duration from FBXLoader; hip/XZ only locked when Studio plays via Animator
two-handed-sword-death,2.4,21,pipeline_locked_if_played,pipeline_locked_if_played,reaction,greataxe|greatsword|hammer2h|mace2h|spear,greatsword:{death} | spear:{death} | greataxe:{death} | hammer2h:{death} | mace2h:{death},local:public/anim,wired_and_loads,mixamo,greatsword,animations/greatsword/two-handed-sword-death,yes,yes,yes,Duration from FBXLoader; hip/XZ only locked when Studio plays via Animator
double-dagger-stab,3.0667,21,pipeline_locked_if_played,pipeline_locked_if_played,attack,knife,knife:{attack2},local:public/anim,wired_and_loads,mixamo,knife,animations/knife/double-dagger-stab,yes,yes,yes,Duration from FBXLoader; hip/XZ only locked when Studio plays via Animator
dual-weapon-combo,3.6333,20,pipeline_locked_if_played,pipeline_locked_if_played,attack,knife,knife:{skill},local:public/anim,wired_and_loads,mixamo,knife,animations/knife/dual-weapon-combo,yes,yes,yes,Duration from FBXLoader; hip/XZ only locked when Studio plays via Animator
knife-idle,4.4667,21,pipeline_locked_if_played,pipeline_locked_if_played,idle,knife,knife:{idle},local:public/anim,wired_and_loads,mixamo,knife,animations/knife/knife-idle,yes,yes,yes,Duration from FBXLoader; hip/XZ only locked when Studio plays via Animator
stabbing,2.6333,21,pipeline_locked_if_played,pipeline_locked_if_played,attack,hammer|knife|sword,sword:{stab} | knife:{attack1+dashAttack+stab} | hammer:{stab},local:public/anim,wired_and_loads,mixamo,knife,animations/knife/stabbing,yes,yes,yes,Duration from FBXLoader; hip/XZ only locked when Studio plays via Animator
hell-slammer-a,7.5667,20,pipeline_locked_if_played,pipeline_locked_if_played,attack,mace,mace:{attack1},local:public/anim,wired_and_loads,mixamo,mace,animations/mace/hell-slammer-a,yes,yes,yes,Duration from FBXLoader; hip/XZ only locked when Studio plays via Animator
hell-slammer-b,7.5667,20,pipeline_locked_if_played,pipeline_locked_if_played,attack,mace,mace:{attack2},local:public/anim,wired_and_loads,mixamo,mace,animations/mace/hell-slammer-b,yes,yes,yes,Duration from FBXLoader; hip/XZ only locked when Studio plays via Animator
standing-idle,1.8667,21,pipeline_locked_if_played,pipeline_locked_if_played,idle,magic,magic:{idle},local:public/anim,wired_and_loads,mixamo,magic-loco,animations/magic-loco/standing-idle,yes,yes,yes,Duration from FBXLoader; hip/XZ only locked when Studio plays via Animator
standing-jump-running,1.0667,21,pipeline_locked_if_played,pipeline_locked_if_played,locomotion,magic,magic:{jumpAir},local:public/anim,wired_and_loads,mixamo,magic-loco,animations/magic-loco/standing-jump-running,yes,yes,yes,Duration from FBXLoader; hip/XZ only locked when Studio plays via Animator
standing-land-to-standing-idle,1.1,21,pipeline_locked_if_played,pipeline_locked_if_played,idle,magic,magic:{land},local:public/anim,wired_and_loads,mixamo,magic-loco,animations/magic-loco/standing-land-to-standing-idle,yes,yes,yes,Duration from FBXLoader; hip/XZ only locked when Studio plays via Animator
standing-run-back,0.6333,21,pipeline_locked_if_played,pipeline_locked_if_played,locomotion,magic,magic:{runB},local:public/anim,wired_and_loads,mixamo,magic-loco,animations/magic-loco/standing-run-back,yes,yes,yes,Duration from FBXLoader; hip/XZ only locked when Studio plays via Animator
standing-run-forward,0.7333,21,pipeline_locked_if_played,pipeline_locked_if_played,locomotion,magic,magic:{runF},local:public/anim,wired_and_loads,mixamo,magic-loco,animations/magic-loco/standing-run-forward,yes,yes,yes,Duration from FBXLoader; hip/XZ only locked when Studio plays via Animator
standing-run-left,0.7667,21,pipeline_locked_if_played,pipeline_locked_if_played,locomotion,magic,magic:{runL},local:public/anim,wired_and_loads,mixamo,magic-loco,animations/magic-loco/standing-run-left,yes,yes,yes,Duration from FBXLoader; hip/XZ only locked when Studio plays via Animator
standing-run-right,0.7667,21,pipeline_locked_if_played,pipeline_locked_if_played,locomotion,magic,magic:{runR},local:public/anim,wired_and_loads,mixamo,magic-loco,animations/magic-loco/standing-run-right,yes,yes,yes,Duration from FBXLoader; hip/XZ only locked when Studio plays via Animator
standing-turn-left-90,1.8667,21,pipeline_locked_if_played,pipeline_locked_if_played,locomotion,magic,magic:{turnL},local:public/anim,wired_and_loads,mixamo,magic-loco,animations/magic-loco/standing-turn-left-90,yes,yes,yes,Duration from FBXLoader; hip/XZ only locked when Studio plays via Animator
standing-turn-right-90,1.6333,21,pipeline_locked_if_played,pipeline_locked_if_played,locomotion,magic,magic:{turnR},local:public/anim,wired_and_loads,mixamo,magic-loco,animations/magic-loco/standing-turn-right-90,yes,yes,yes,Duration from FBXLoader; hip/XZ only locked when Studio plays via Animator
standing-walk-back,1.2,21,pipeline_locked_if_played,pipeline_locked_if_played,locomotion,magic,magic:{walkB},local:public/anim,wired_and_loads,mixamo,magic-loco,animations/magic-loco/standing-walk-back,yes,yes,yes,Duration from FBXLoader; hip/XZ only locked when Studio plays via Animator
standing-walk-forward,1.1333,21,pipeline_locked_if_played,pipeline_locked_if_played,locomotion,magic,magic:{walkF},local:public/anim,wired_and_loads,mixamo,magic-loco,animations/magic-loco/standing-walk-forward,yes,yes,yes,Duration from FBXLoader; hip/XZ only locked when Studio plays via Animator
standing-walk-left,1.1667,21,pipeline_locked_if_played,pipeline_locked_if_played,locomotion,magic,magic:{walkL},local:public/anim,wired_and_loads,mixamo,magic-loco,animations/magic-loco/standing-walk-left,yes,yes,yes,Duration from FBXLoader; hip/XZ only locked when Studio plays via Animator
standing-walk-right,1.2,21,pipeline_locked_if_played,pipeline_locked_if_played,locomotion,magic,magic:{walkR},local:public/anim,wired_and_loads,mixamo,magic-loco,animations/magic-loco/standing-walk-right,yes,yes,yes,Duration from FBXLoader; hip/XZ only locked when Studio plays via Animator
casting-spell,7.7,21,pipeline_locked_if_played,pipeline_locked_if_played,attack,global,global:{castSpell2},local:public/anim,wired_and_loads,mixamo,magic,animations/magic/casting-spell,yes,yes,yes,Duration from FBXLoader; hip/XZ only locked when Studio plays via Animator
standing-1h-cast-spell-01,2.2667,21,pipeline_locked_if_played,pipeline_locked_if_played,attack,global|magic,magic:{castSpell} | global:{castSpell},local:public/anim,wired_and_loads,mixamo,magic,animations/magic/standing-1h-cast-spell-01,yes,yes,yes,Duration from FBXLoader; hip/XZ only locked when Studio plays via Animator
standing-1h-magic-attack-01,2.3,21,pipeline_locked_if_played,pipeline_locked_if_played,attack,global|magic,magic:{attack1+magicAttack} | global:{magicAttack},local:public/anim,wired_and_loads,mixamo,magic,animations/magic/standing-1h-magic-attack-01,yes,yes,yes,Duration from FBXLoader; hip/XZ only locked when Studio plays via Animator
standing-1h-magic-attack-02,2.2,21,pipeline_locked_if_played,pipeline_locked_if_played,attack,magic,magic:{attack2},local:public/anim,wired_and_loads,mixamo,magic,animations/magic/standing-1h-magic-attack-02,yes,yes,yes,Duration from FBXLoader; hip/XZ only locked when Studio plays via Animator
standing-1h-magic-attack-03,2.3,21,pipeline_locked_if_played,pipeline_locked_if_played,attack,magic,magic:{attack3},local:public/anim,wired_and_loads,mixamo,magic,animations/magic/standing-1h-magic-attack-03,yes,yes,yes,Duration from FBXLoader; hip/XZ only locked when Studio plays via Animator
standing-2h-magic,2.7,21,pipeline_locked_if_played,pipeline_locked_if_played,attack,global|magic,magic:{skill+magicArea} | global:{magicArea+magicChannel},local:public/anim,wired_and_loads,mixamo,magic,animations/magic/standing-2h-magic,yes,yes,yes,Duration from FBXLoader; hip/XZ only locked when Studio plays via Animator
charged-pistol,2.5333,21,pipeline_locked_if_played,pipeline_locked_if_played,weapon_handling,pistol,pistol:{chargedShot},local:public/anim,wired_and_loads,mixamo,pistol,animations/pistol/charged-pistol,yes,yes,yes,Duration from FBXLoader; hip/XZ only locked when Studio plays via Animator
drawing-gun,2,21,pipeline_locked_if_played,pipeline_locked_if_played,weapon_handling,pistol,pistol:{draw},local:public/anim,wired_and_loads,mixamo,pistol,animations/pistol/drawing-gun,yes,yes,yes,Duration from FBXLoader; hip/XZ only locked when Studio plays via Animator
gunplay,2.5333,21,pipeline_locked_if_played,pipeline_locked_if_played,attack,pistol,pistol:{attack2+skill},local:public/anim,wired_and_loads,mixamo,pistol,animations/pistol/gunplay,yes,yes,yes,Duration from FBXLoader; hip/XZ only locked when Studio plays via Animator
idle,1.3333,21,pipeline_locked_if_played,pipeline_locked_if_played,idle,pistol,pistol:{idle},local:public/anim,wired_and_loads,mixamo,pistol,animations/pistol/idle,yes,yes,yes,Duration from FBXLoader; hip/XZ only locked when Studio plays via Animator
knee-jabs-uppercut,5.6667,21,pipeline_locked_if_played,pipeline_locked_if_played,attack,pistol,pistol:{comboHit1},local:public/anim,wired_and_loads,mixamo,pistol,animations/pistol/knee-jabs-uppercut,yes,yes,yes,Duration from FBXLoader; hip/XZ only locked when Studio plays via Animator
kneeling-idle,3.8,21,pipeline_locked_if_played,pipeline_locked_if_played,idle,pistol,pistol:{crouchIdle},local:public/anim,wired_and_loads,mixamo,pistol,animations/pistol/kneeling-idle,yes,yes,yes,Duration from FBXLoader; hip/XZ only locked when Studio plays via Animator
mma-kick,2,21,pipeline_locked_if_played,pipeline_locked_if_played,attack,pistol,pistol:{mmaKick},local:public/anim,wired_and_loads,mixamo,pistol,animations/pistol/mma-kick,yes,yes,yes,Duration from FBXLoader; hip/XZ only locked when Studio plays via Animator
pistol-jump,4.9333,21,pipeline_locked_if_played,pipeline_locked_if_played,acrobatics,pistol,pistol:{jumpAir},local:public/anim,wired_and_loads,mixamo,pistol,animations/pistol/pistol-jump,yes,yes,yes,Duration from FBXLoader; hip/XZ only locked when Studio plays via Animator
pistol-whip,2.5667,21,pipeline_locked_if_played,pipeline_locked_if_played,attack,pistol,pistol:{pistolWhip},local:public/anim,wired_and_loads,mixamo,pistol,animations/pistol/pistol-whip,yes,yes,yes,Duration from FBXLoader; hip/XZ only locked when Studio plays via Animator
reload-crouch,1,21,pipeline_locked_if_played,pipeline_locked_if_played,weapon_handling,pistol,pistol:{reloadCrouch},local:public/anim,wired_and_loads,mixamo,pistol,animations/pistol/reload-crouch,yes,yes,yes,Duration from FBXLoader; hip/XZ only locked when Studio plays via Animator
reload-empty,2.5333,21,pipeline_locked_if_played,pipeline_locked_if_played,weapon_handling,pistol,pistol:{reloadEmpty},local:public/anim,wired_and_loads,mixamo,pistol,animations/pistol/reload-empty,yes,yes,yes,Duration from FBXLoader; hip/XZ only locked when Studio plays via Animator
reload-standing,2,21,pipeline_locked_if_played,pipeline_locked_if_played,weapon_handling,pistol,pistol:{reload},local:public/anim,wired_and_loads,mixamo,pistol,animations/pistol/reload-standing,yes,yes,yes,Duration from FBXLoader; hip/XZ only locked when Studio plays via Animator
reload-tactical,2,21,pipeline_locked_if_played,pipeline_locked_if_played,weapon_handling,pistol,pistol:{reloadTactical},local:public/anim,wired_and_loads,mixamo,pistol,animations/pistol/reload-tactical,yes,yes,yes,Duration from FBXLoader; hip/XZ only locked when Studio plays via Animator
run-arc-left,0.6,21,pipeline_locked_if_played,pipeline_locked_if_played,locomotion,pistol,pistol:{runL},local:public/anim,wired_and_loads,mixamo,pistol,animations/pistol/run-arc-left,yes,yes,yes,Duration from FBXLoader; hip/XZ only locked when Studio plays via Animator
run-arc-right,0.6333,21,pipeline_locked_if_played,pipeline_locked_if_played,locomotion,pistol,pistol:{runR},local:public/anim,wired_and_loads,mixamo,pistol,animations/pistol/run-arc-right,yes,yes,yes,Duration from FBXLoader; hip/XZ only locked when Studio plays via Animator
run-backward,0.5333,21,pipeline_locked_if_played,pipeline_locked_if_played,locomotion,pistol,pistol:{runB},local:public/anim,wired_and_loads,mixamo,pistol,animations/pistol/run-backward,yes,yes,yes,Duration from FBXLoader; hip/XZ only locked when Studio plays via Animator
run-forward,0.5,21,pipeline_locked_if_played,pipeline_locked_if_played,locomotion,pistol,pistol:{runF},local:public/anim,wired_and_loads,mixamo,pistol,animations/pistol/run-forward,yes,yes,yes,Duration from FBXLoader; hip/XZ only locked when Studio plays via Animator
shoot,2.5333,21,pipeline_locked_if_played,pipeline_locked_if_played,attack,pistol,pistol:{attack1+shoot},local:public/anim,wired_and_loads,mixamo,pistol,animations/pistol/shoot,yes,yes,yes,Duration from FBXLoader; hip/XZ only locked when Studio plays via Animator
uppercut,1.4333,21,pipeline_locked_if_played,pipeline_locked_if_played,attack,pistol,pistol:{uppercut},local:public/anim,wired_and_loads,mixamo,pistol,animations/pistol/uppercut,yes,yes,yes,Duration from FBXLoader; hip/XZ only locked when Studio plays via Animator
walk-arc-left,0.7333,21,pipeline_locked_if_played,pipeline_locked_if_played,locomotion,pistol,pistol:{walkL},local:public/anim,wired_and_loads,mixamo,pistol,animations/pistol/walk-arc-left,yes,yes,yes,Duration from FBXLoader; hip/XZ only locked when Studio plays via Animator
walk-arc-right,0.7667,21,pipeline_locked_if_played,pipeline_locked_if_played,locomotion,pistol,pistol:{walkR},local:public/anim,wired_and_loads,mixamo,pistol,animations/pistol/walk-arc-right,yes,yes,yes,Duration from FBXLoader; hip/XZ only locked when Studio plays via Animator
walk-backward,1.0333,21,pipeline_locked_if_played,pipeline_locked_if_played,locomotion,pistol,pistol:{walkB},local:public/anim,wired_and_loads,mixamo,pistol,animations/pistol/walk-backward,yes,yes,yes,Duration from FBXLoader; hip/XZ only locked when Studio plays via Animator
walk-forward,0.8,21,pipeline_locked_if_played,pipeline_locked_if_played,locomotion,pistol,pistol:{walkF},local:public/anim,wired_and_loads,mixamo,pistol,animations/pistol/walk-forward,yes,yes,yes,Duration from FBXLoader; hip/XZ only locked when Studio plays via Animator
dodging-back,2.6667,20,pipeline_locked_if_played,pipeline_locked_if_played,dodge,unarmed,unarmed:{dodgeB},local:public/anim,wired_and_loads,mixamo,reactions,animations/reactions/dodging-back,yes,yes,yes,Duration from FBXLoader; hip/XZ only locked when Studio plays via Animator
fallen,0.7,21,pipeline_locked_if_played,pipeline_locked_if_played,acrobatics,global,global:{fallen},local:public/anim,wired_and_loads,mixamo,reactions,animations/reactions/fallen,yes,yes,yes,Duration from FBXLoader; hip/XZ only locked when Studio plays via Animator
falling,11.3667,21,pipeline_locked_if_played,pipeline_locked_if_played,acrobatics,global,global:{fallDown},local:public/anim,wired_and_loads,mixamo,reactions,animations/reactions/falling,yes,yes,yes,Duration from FBXLoader; hip/XZ only locked when Studio plays via Animator
falling-idle,0.7,20,pipeline_locked_if_played,pipeline_locked_if_played,idle,global,global:{fallingIdle},local:public/anim,wired_and_loads,mixamo,reactions,animations/reactions/falling-idle,yes,yes,yes,Duration from FBXLoader; hip/XZ only locked when Studio plays via Animator
flying-back,3.0333,35,pipeline_locked_if_played,pipeline_locked_if_played,reaction,global,global:{flyingBack},local:public/anim,wired_and_loads,mixamo,reactions,animations/reactions/flying-back,yes,yes,yes,Duration from FBXLoader; hip/XZ only locked when Studio plays via Animator
get-up,2.1333,21,pipeline_locked_if_played,pipeline_locked_if_played,reaction,global,global:{getUp},local:public/anim,wired_and_loads,mixamo,reactions,animations/reactions/get-up,yes,yes,yes,Duration from FBXLoader; hip/XZ only locked when Studio plays via Animator
hit-to-head,2.5333,21,pipeline_locked_if_played,pipeline_locked_if_played,reaction,global,global:{hitHead},local:public/anim,wired_and_loads,mixamo,reactions,animations/reactions/hit-to-head,yes,yes,yes,Duration from FBXLoader; hip/XZ only locked when Studio plays via Animator
jogging-stumble,1.1667,21,pipeline_locked_if_played,pipeline_locked_if_played,reaction,global,global:{jogStumble},local:public/anim,wired_and_loads,mixamo,reactions,animations/reactions/jogging-stumble,yes,yes,yes,Duration from FBXLoader; hip/XZ only locked when Studio plays via Animator
knocked-unconscious,4.5667,20,pipeline_locked_if_played,pipeline_locked_if_played,reaction,global,global:{knockedOut+knockedUnconscious},local:public/anim,wired_and_loads,mixamo,reactions,animations/reactions/knocked-unconscious,yes,yes,yes,Duration from FBXLoader; hip/XZ only locked when Studio plays via Animator
knocked-up,3,20,pipeline_locked_if_played,pipeline_locked_if_played,reaction,global,global:{knockedUp},local:public/anim,wired_and_loads,mixamo,reactions,animations/reactions/knocked-up,yes,yes,yes,Duration from FBXLoader; hip/XZ only locked when Studio plays via Animator
knocked-up-and-back,2.6333,20,pipeline_locked_if_played,pipeline_locked_if_played,reaction,global,global:{knockedUpBack},local:public/anim,wired_and_loads,mixamo,reactions,animations/reactions/knocked-up-and-back,yes,yes,yes,Duration from FBXLoader; hip/XZ only locked when Studio plays via Animator
parry,0.4,21,pipeline_locked_if_played,pipeline_locked_if_played,defense,global,global:{parryReact},local:public/anim,wired_and_loads,mixamo,reactions,animations/reactions/parry,yes,yes,yes,Duration from FBXLoader; hip/XZ only locked when Studio plays via Animator
running-crawl,1.1,21,pipeline_locked_if_played,pipeline_locked_if_played,locomotion,global,global:{injuredCrawl},local:public/anim,wired_and_loads,mixamo,reactions,animations/reactions/running-crawl,yes,yes,yes,Duration from FBXLoader; hip/XZ only locked when Studio plays via Animator
stunned,2.1333,21,pipeline_locked_if_played,pipeline_locked_if_played,reaction,global,global:{stunned},local:public/anim,wired_and_loads,mixamo,reactions,animations/reactions/stunned,yes,yes,yes,Duration from FBXLoader; hip/XZ only locked when Studio plays via Animator
wall-crash,2.4667,21,pipeline_locked_if_played,pipeline_locked_if_played,reaction,global,global:{wallCrash},local:public/anim,wired_and_loads,mixamo,reactions,animations/reactions/wall-crash,yes,yes,yes,Duration from FBXLoader; hip/XZ only locked when Studio plays via Animator
aim,2.1,21,pipeline_locked_if_played,pipeline_locked_if_played,idle,ranged,ranged:{aim},local:public/anim,wired_and_loads,mixamo,rifle,animations/rifle/aim,yes,yes,yes,Duration from FBXLoader; hip/XZ only locked when Studio plays via Animator
death-from-front-headshot,2.8333,21,pipeline_locked_if_played,pipeline_locked_if_played,reaction,pistol|ranged,ranged:{death} | pistol:{death},local:public/anim,wired_and_loads,mixamo,rifle,animations/rifle/death-from-front-headshot,yes,yes,yes,Duration from FBXLoader; hip/XZ only locked when Studio plays via Animator
idle,2.1,21,pipeline_locked_if_played,pipeline_locked_if_played,idle,ranged,ranged:{idle},local:public/anim,wired_and_loads,mixamo,rifle,animations/rifle/idle,yes,yes,yes,Duration from FBXLoader; hip/XZ only locked when Studio plays via Animator
idle-crouching,2.1,21,pipeline_locked_if_played,pipeline_locked_if_played,attack,ranged,ranged:{skill+crouchIdle},local:public/anim,wired_and_loads,mixamo,rifle,animations/rifle/idle-crouching,yes,yes,yes,Duration from FBXLoader; hip/XZ only locked when Studio plays via Animator
jump-backward,0.9,20,pipeline_locked_if_played,pipeline_locked_if_played,dodge,ranged,ranged:{dodgeB},local:public/anim,wired_and_loads,mixamo,rifle,animations/rifle/jump-backward,yes,yes,yes,Duration from FBXLoader; hip/XZ only locked when Studio plays via Animator
recoil,2.5333,21,pipeline_locked_if_played,pipeline_locked_if_played,attack,ranged,ranged:{attack2},local:public/anim,wired_and_loads,mixamo,rifle,animations/rifle/recoil,yes,yes,yes,Duration from FBXLoader; hip/XZ only locked when Studio plays via Animator
reload-crouch,1,21,pipeline_locked_if_played,pipeline_locked_if_played,weapon_handling,ranged,ranged:{reloadCrouch},local:public/anim,wired_and_loads,mixamo,rifle,animations/rifle/reload-crouch,yes,yes,yes,Duration from FBXLoader; hip/XZ only locked when Studio plays via Animator
reload-empty,2.5333,21,pipeline_locked_if_played,pipeline_locked_if_played,weapon_handling,ranged,ranged:{reloadEmpty},local:public/anim,wired_and_loads,mixamo,rifle,animations/rifle/reload-empty,yes,yes,yes,Duration from FBXLoader; hip/XZ only locked when Studio plays via Animator
reload-standing,2,21,pipeline_locked_if_played,pipeline_locked_if_played,weapon_handling,ranged,ranged:{reload},local:public/anim,wired_and_loads,mixamo,rifle,animations/rifle/reload-standing,yes,yes,yes,Duration from FBXLoader; hip/XZ only locked when Studio plays via Animator
reload-tactical,2,21,pipeline_locked_if_played,pipeline_locked_if_played,weapon_handling,ranged,ranged:{reloadTactical},local:public/anim,wired_and_loads,mixamo,rifle,animations/rifle/reload-tactical,yes,yes,yes,Duration from FBXLoader; hip/XZ only locked when Studio plays via Animator
run-backward,0.5,21,pipeline_locked_if_played,pipeline_locked_if_played,locomotion,ranged,ranged:{walkB+runB},local:public/anim,wired_and_loads,mixamo,rifle,animations/rifle/run-backward,yes,yes,yes,Duration from FBXLoader; hip/XZ only locked when Studio plays via Animator
run-forward,0.5,21,pipeline_locked_if_played,pipeline_locked_if_played,locomotion,ranged,ranged:{walkF+runF},local:public/anim,wired_and_loads,mixamo,rifle,animations/rifle/run-forward,yes,yes,yes,Duration from FBXLoader; hip/XZ only locked when Studio plays via Animator
run-left,0.5,21,pipeline_locked_if_played,pipeline_locked_if_played,locomotion,ranged,ranged:{walkL+runL},local:public/anim,wired_and_loads,mixamo,rifle,animations/rifle/run-left,yes,yes,yes,Duration from FBXLoader; hip/XZ only locked when Studio plays via Animator
run-right,0.5,21,pipeline_locked_if_played,pipeline_locked_if_played,locomotion,ranged,ranged:{walkR+runR},local:public/anim,wired_and_loads,mixamo,rifle,animations/rifle/run-right,yes,yes,yes,Duration from FBXLoader; hip/XZ only locked when Studio plays via Animator
shoot,2.5333,21,pipeline_locked_if_played,pipeline_locked_if_played,attack,ranged,ranged:{attack1+shoot},local:public/anim,wired_and_loads,mixamo,rifle,animations/rifle/shoot,yes,yes,yes,Duration from FBXLoader; hip/XZ only locked when Studio plays via Animator
start-run,1.7333,20,pipeline_locked_if_played,pipeline_locked_if_played,dodge,ranged,ranged:{dash},local:public/anim,wired_and_loads,mixamo,rifle,animations/rifle/start-run,yes,yes,yes,Duration from FBXLoader; hip/XZ only locked when Studio plays via Animator
turn-90-left,1,21,pipeline_locked_if_played,pipeline_locked_if_played,locomotion,pistol|ranged,ranged:{turnL} | pistol:{turnL},local:public/anim,wired_and_loads,mixamo,rifle,animations/rifle/turn-90-left,yes,yes,yes,Duration from FBXLoader; hip/XZ only locked when Studio plays via Animator
turn-90-right,1,21,pipeline_locked_if_played,pipeline_locked_if_played,locomotion,pistol|ranged,ranged:{turnR} | pistol:{turnR},local:public/anim,wired_and_loads,mixamo,rifle,animations/rifle/turn-90-right,yes,yes,yes,Duration from FBXLoader; hip/XZ only locked when Studio plays via Animator
aim,2.1,21,pipeline_locked_if_played,pipeline_locked_if_played,idle,shotgun,shotgun:{aim},local:public/anim,wired_and_loads,mixamo,shotgun,animations/shotgun/aim,yes,yes,yes,Duration from FBXLoader; hip/XZ only locked when Studio plays via Animator
death-from-front-headshot,2.8333,21,pipeline_locked_if_played,pipeline_locked_if_played,reaction,shotgun,shotgun:{death},local:public/anim,wired_and_loads,mixamo,shotgun,animations/shotgun/death-from-front-headshot,yes,yes,yes,Duration from FBXLoader; hip/XZ only locked when Studio plays via Animator
hip-fire,2.5333,21,pipeline_locked_if_played,pipeline_locked_if_played,attack,shotgun,shotgun:{attack1+hipFire},local:public/anim,wired_and_loads,mixamo,shotgun,animations/shotgun/hip-fire,yes,yes,yes,Duration from FBXLoader; hip/XZ only locked when Studio plays via Animator
idle,2.1,21,pipeline_locked_if_played,pipeline_locked_if_played,idle,shotgun,shotgun:{idle},local:public/anim,wired_and_loads,mixamo,shotgun,animations/shotgun/idle,yes,yes,yes,Duration from FBXLoader; hip/XZ only locked when Studio plays via Animator
idle-crouching,2.1,21,pipeline_locked_if_played,pipeline_locked_if_played,attack,shotgun,shotgun:{skill+crouchIdle},local:public/anim,wired_and_loads,mixamo,shotgun,animations/shotgun/idle-crouching,yes,yes,yes,Duration from FBXLoader; hip/XZ only locked when Studio plays via Animator
jump-backward,0.9,20,pipeline_locked_if_played,pipeline_locked_if_played,dodge,shotgun,shotgun:{dodgeB},local:public/anim,wired_and_loads,mixamo,shotgun,animations/shotgun/jump-backward,yes,yes,yes,Duration from FBXLoader; hip/XZ only locked when Studio plays via Animator
pump,2,21,pipeline_locked_if_played,pipeline_locked_if_played,weapon_handling,shotgun,shotgun:{pump},local:public/anim,wired_and_loads,mixamo,shotgun,animations/shotgun/pump,yes,yes,yes,Duration from FBXLoader; hip/XZ only locked when Studio plays via Animator
reload-crouch,1,21,pipeline_locked_if_played,pipeline_locked_if_played,weapon_handling,shotgun,shotgun:{reloadCrouch},local:public/anim,wired_and_loads,mixamo,shotgun,animations/shotgun/reload-crouch,yes,yes,yes,Duration from FBXLoader; hip/XZ only locked when Studio plays via Animator
reload-empty,2.5333,21,pipeline_locked_if_played,pipeline_locked_if_played,weapon_handling,shotgun,shotgun:{reloadEmpty},local:public/anim,wired_and_loads,mixamo,shotgun,animations/shotgun/reload-empty,yes,yes,yes,Duration from FBXLoader; hip/XZ only locked when Studio plays via Animator
reload-standing,2.5333,21,pipeline_locked_if_played,pipeline_locked_if_played,weapon_handling,shotgun,shotgun:{reload},local:public/anim,wired_and_loads,mixamo,shotgun,animations/shotgun/reload-standing,yes,yes,yes,Duration from FBXLoader; hip/XZ only locked when Studio plays via Animator
reload-tactical,2,21,pipeline_locked_if_played,pipeline_locked_if_played,weapon_handling,shotgun,shotgun:{reloadTactical},local:public/anim,wired_and_loads,mixamo,shotgun,animations/shotgun/reload-tactical,yes,yes,yes,Duration from FBXLoader; hip/XZ only locked when Studio plays via Animator
run-backward,0.5,21,pipeline_locked_if_played,pipeline_locked_if_played,locomotion,shotgun,shotgun:{walkB+runB},local:public/anim,wired_and_loads,mixamo,shotgun,animations/shotgun/run-backward,yes,yes,yes,Duration from FBXLoader; hip/XZ only locked when Studio plays via Animator
run-forward,0.5,21,pipeline_locked_if_played,pipeline_locked_if_played,locomotion,shotgun,shotgun:{walkF+runF},local:public/anim,wired_and_loads,mixamo,shotgun,animations/shotgun/run-forward,yes,yes,yes,Duration from FBXLoader; hip/XZ only locked when Studio plays via Animator
run-left,0.5,21,pipeline_locked_if_played,pipeline_locked_if_played,locomotion,shotgun,shotgun:{walkL+runL},local:public/anim,wired_and_loads,mixamo,shotgun,animations/shotgun/run-left,yes,yes,yes,Duration from FBXLoader; hip/XZ only locked when Studio plays via Animator
run-right,0.5,21,pipeline_locked_if_played,pipeline_locked_if_played,locomotion,shotgun,shotgun:{walkR+runR},local:public/anim,wired_and_loads,mixamo,shotgun,animations/shotgun/run-right,yes,yes,yes,Duration from FBXLoader; hip/XZ only locked when Studio plays via Animator
shoot,2.5333,21,pipeline_locked_if_played,pipeline_locked_if_played,attack,shotgun,shotgun:{shoot},local:public/anim,wired_and_loads,mixamo,shotgun,animations/shotgun/shoot,yes,yes,yes,Duration from FBXLoader; hip/XZ only locked when Studio plays via Animator
start-run,1.7333,20,pipeline_locked_if_played,pipeline_locked_if_played,dodge,shotgun,shotgun:{dash},local:public/anim,wired_and_loads,mixamo,shotgun,animations/shotgun/start-run,yes,yes,yes,Duration from FBXLoader; hip/XZ only locked when Studio plays via Animator
turn-90-left,1,21,pipeline_locked_if_played,pipeline_locked_if_played,locomotion,shotgun,shotgun:{turnL},local:public/anim,wired_and_loads,mixamo,shotgun,animations/shotgun/turn-90-left,yes,yes,yes,Duration from FBXLoader; hip/XZ only locked when Studio plays via Animator
turn-90-right,1,21,pipeline_locked_if_played,pipeline_locked_if_played,locomotion,shotgun,shotgun:{turnR},local:public/anim,wired_and_loads,mixamo,shotgun,animations/shotgun/turn-90-right,yes,yes,yes,Duration from FBXLoader; hip/XZ only locked when Studio plays via Animator
lance-spartan,1.3667,20,pipeline_locked_if_played,pipeline_locked_if_played,attack,spear,spear:{attack3+dashAttack},local:public/anim,wired_and_loads,mixamo,spear,animations/spear/lance-spartan,yes,yes,yes,Duration from FBXLoader; hip/XZ only locked when Studio plays via Animator
rising-thrust,2.3333,20,pipeline_locked_if_played,pipeline_locked_if_played,attack,axe|mace,axe:{stab} | mace:{stab},local:public/anim,wired_and_loads,mixamo,spear,animations/spear/rising-thrust,yes,yes,yes,Duration from FBXLoader; hip/XZ only locked when Studio plays via Animator
upward-thrust,1.2333,20,pipeline_locked_if_played,pipeline_locked_if_played,attack,spear,spear:{attack1+stab},local:public/anim,wired_and_loads,mixamo,spear,animations/spear/upward-thrust,yes,yes,yes,Duration from FBXLoader; hip/XZ only locked when Studio plays via Animator
Back_Flip_To_Uppercut,5.8333,21,pipeline_locked_if_played,pipeline_locked_if_played,attack,unarmed,unarmed:{jumpAttack},local:public/anim,wired_and_loads,mixamo,striker,animations/striker/Back_Flip_To_Uppercut,yes,yes,yes,Duration from FBXLoader; hip/XZ only locked when Studio plays via Animator
Falling_To_Roll,2.1333,21,pipeline_locked_if_played,pipeline_locked_if_played,dodge,unarmed,unarmed:{land},local:public/anim,wired_and_loads,mixamo,striker,animations/striker/Falling_To_Roll,yes,yes,yes,Duration from FBXLoader; hip/XZ only locked when Studio plays via Animator
fight-idle,7.4667,21,pipeline_locked_if_played,pipeline_locked_if_played,idle,unarmed,unarmed:{idles},local:public/anim,wired_and_loads,mixamo,striker,animations/striker/fight-idle,yes,yes,yes,Duration from FBXLoader; hip/XZ only locked when Studio plays via Animator
flip-kick,2.0333,20,pipeline_locked_if_played,pipeline_locked_if_played,attack,unarmed,unarmed:{skill},local:public/anim,wired_and_loads,mixamo,striker,animations/striker/flip-kick,yes,yes,yes,Duration from FBXLoader; hip/XZ only locked when Studio plays via Animator
kicking,2.2,21,pipeline_locked_if_played,pipeline_locked_if_played,attack,unarmed,unarmed:{attack3},local:public/anim,wired_and_loads,mixamo,striker,animations/striker/kicking,yes,yes,yes,Duration from FBXLoader; hip/XZ only locked when Studio plays via Animator
knee-jabs-to-uppercut,2.2667,20,pipeline_locked_if_played,pipeline_locked_if_played,attack,unarmed,unarmed:{comboHit2},local:public/anim,wired_and_loads,mixamo,striker,animations/striker/knee-jabs-to-uppercut,yes,yes,yes,Duration from FBXLoader; hip/XZ only locked when Studio plays via Animator
punch-combo,2.2,35,pipeline_locked_if_played,pipeline_locked_if_played,attack,unarmed,unarmed:{attack4},local:public/anim,wired_and_loads,mixamo,striker,animations/striker/punch-combo,yes,yes,yes,Duration from FBXLoader; hip/XZ only locked when Studio plays via Animator
punch-to-elbow-combo,5,20,pipeline_locked_if_played,pipeline_locked_if_played,attack,unarmed,unarmed:{comboHit1},local:public/anim,wired_and_loads,mixamo,striker,animations/striker/punch-to-elbow-combo,yes,yes,yes,Duration from FBXLoader; hip/XZ only locked when Studio plays via Animator
quick-kick,1.9333,20,pipeline_locked_if_played,pipeline_locked_if_played,attack,unarmed,unarmed:{attack2+dashAttack},local:public/anim,wired_and_loads,mixamo,striker,animations/striker/quick-kick,yes,yes,yes,Duration from FBXLoader; hip/XZ only locked when Studio plays via Animator
strike-down,0.0333,21,pipeline_locked_if_played,pipeline_locked_if_played,attack,unarmed,unarmed:{attack5},local:public/anim,wired_and_loads,mixamo,striker,animations/striker/strike-down,yes,yes,yes,Duration from FBXLoader; hip/XZ only locked when Studio plays via Animator
vampiric-bite,3.0333,21,pipeline_locked_if_played,pipeline_locked_if_played,attack,unarmed,unarmed:{attack6},local:public/anim,wired_and_loads,mixamo,striker,animations/striker/vampiric-bite,yes,yes,yes,Duration from FBXLoader; hip/XZ only locked when Studio plays via Animator
swimming,4.5333,21,pipeline_locked_if_played,pipeline_locked_if_played,acrobatics,swim,traversal:{forward+back},local:public/anim,wired_and_loads,mixamo,swim,animations/swim/swimming,yes,yes,yes,Duration from FBXLoader; hip/XZ only locked when Studio plays via Animator
swimming-to-edge,5,21,pipeline_locked_if_played,pipeline_locked_if_played,acrobatics,global,global:{swimExit},local:public/anim,wired_and_loads,mixamo,swim,animations/swim/swimming-to-edge,yes,yes,yes,Duration from FBXLoader; hip/XZ only locked when Studio plays via Animator
treading-water,3,21,pipeline_locked_if_played,pipeline_locked_if_played,idle,swim,traversal:{idle},local:public/anim,wired_and_loads,mixamo,swim,animations/swim/treading-water,yes,yes,yes,Duration from FBXLoader; hip/XZ only locked when Studio plays via Animator
draw-sword-1,0.5,21,pipeline_locked_if_played,pipeline_locked_if_played,weapon_handling,sword,sword:{draw},local:public/anim,wired_and_loads,mixamo,sword,animations/sword/draw-sword-1,yes,yes,yes,Duration from FBXLoader; hip/XZ only locked when Studio plays via Animator
great-sword-slide-attack,2.1333,21,pipeline_locked_if_played,pipeline_locked_if_played,attack,axe|bow|greataxe|greatsword|hammer|hammer2h|mace|mace2h|spear,greatsword:{dashAttack} | axe:{dashAttack} | mace:{dashAttack} | spear:{skill} | hammer:{dashAttack} | greataxe:{dashAttack} | hammer2h:{dashAttack} | mace2h:{dashAttack} | bow:{dashAttack+skill},local:public/anim,wired_and_loads,mixamo,sword,animations/sword/great-sword-slide-attack,yes,yes,yes,Duration from FBXLoader; hip/XZ only locked when Studio plays via Animator
inward-slash,2.2,20,pipeline_locked_if_played,pipeline_locked_if_played,attack,spear|sword,sword:{attack4} | spear:{attack2},local:public/anim,wired_and_loads,mixamo,sword,animations/sword/inward-slash,yes,yes,yes,Duration from FBXLoader; hip/XZ only locked when Studio plays via Animator
melee-downward,2.2667,20,pipeline_locked_if_played,pipeline_locked_if_played,attack,hammer|mace,mace:{attack3} | hammer:{attack3},local:public/anim,wired_and_loads,mixamo,sword,animations/sword/melee-downward,yes,yes,yes,Duration from FBXLoader; hip/XZ only locked when Studio plays via Animator
melee-horizontal,2.4,20,pipeline_locked_if_played,pipeline_locked_if_played,attack,axe|hammer,axe:{attack2} | hammer:{attack2},local:public/anim,wired_and_loads,mixamo,sword,animations/sword/melee-horizontal,yes,yes,yes,Duration from FBXLoader; hip/XZ only locked when Studio plays via Animator
one-hand-sword-combo,4.5333,20,pipeline_locked_if_played,pipeline_locked_if_played,attack,sword,sword:{dashAttack},local:public/anim,wired_and_loads,mixamo,sword,animations/sword/one-hand-sword-combo,yes,yes,yes,Duration from FBXLoader; hip/XZ only locked when Studio plays via Animator
outward-slash,2.0333,21,pipeline_locked_if_played,pipeline_locked_if_played,attack,global|knife,knife:{attack3} | global:{outsideSlash},local:public/anim,wired_and_loads,mixamo,sword,animations/sword/outward-slash,yes,yes,yes,Duration from FBXLoader; hip/XZ only locked when Studio plays via Animator
sheath-sword-1,1.2667,21,pipeline_locked_if_played,pipeline_locked_if_played,weapon_handling,sword,sword:{sheath},local:public/anim,wired_and_loads,mixamo,sword,animations/sword/sheath-sword-1,yes,yes,yes,Duration from FBXLoader; hip/XZ only locked when Studio plays via Animator
sword-and-shield-attack,2.3333,21,pipeline_locked_if_played,pipeline_locked_if_played,attack,global|sword,sword:{attack2} | global:{insideSlash},local:public/anim,wired_and_loads,mixamo,sword,animations/sword/sword-and-shield-attack,yes,yes,yes,Duration from FBXLoader; hip/XZ only locked when Studio plays via Animator
sword-and-shield-attack-2,1.3,21,pipeline_locked_if_played,pipeline_locked_if_played,attack,sword,sword:{attack1},local:public/anim,wired_and_loads,mixamo,sword,animations/sword/sword-and-shield-attack-2,yes,yes,yes,Duration from FBXLoader; hip/XZ only locked when Studio plays via Animator
sword-and-shield-attack-3,1.7333,21,pipeline_locked_if_played,pipeline_locked_if_played,attack,hammer|sword,sword:{attack3} | hammer:{attack1},local:public/anim,wired_and_loads,mixamo,sword,animations/sword/sword-and-shield-attack-3,yes,yes,yes,Duration from FBXLoader; hip/XZ only locked when Studio plays via Animator
sword-and-shield-attack-4,1,21,pipeline_locked_if_played,pipeline_locked_if_played,attack,sword,sword:{attack6},local:public/anim,wired_and_loads,mixamo,sword,animations/sword/sword-and-shield-attack-4,yes,yes,yes,Duration from FBXLoader; hip/XZ only locked when Studio plays via Animator
sword-and-shield-attack-5,2.3333,21,pipeline_locked_if_played,pipeline_locked_if_played,attack,sword,sword:{attack5},local:public/anim,wired_and_loads,mixamo,sword,animations/sword/sword-and-shield-attack-5,yes,yes,yes,Duration from FBXLoader; hip/XZ only locked when Studio plays via Animator
sword-and-shield-block,0.5667,21,pipeline_locked_if_played,pipeline_locked_if_played,defense,axe|hammer|mace|sword,sword:{blockStart} | axe:{blockStart} | mace:{blockStart} | hammer:{blockStart},local:public/anim,wired_and_loads,mixamo,sword,animations/sword/sword-and-shield-block,yes,yes,yes,Duration from FBXLoader; hip/XZ only locked when Studio plays via Animator
sword-and-shield-block-idle,1.4,21,pipeline_locked_if_played,pipeline_locked_if_played,defense,axe|hammer|mace|sword,sword:{blockIdle} | axe:{blockIdle} | mace:{blockIdle} | hammer:{blockIdle},local:public/anim,wired_and_loads,mixamo,sword,animations/sword/sword-and-shield-block-idle,yes,yes,yes,Duration from FBXLoader; hip/XZ only locked when Studio plays via Animator
sword-and-shield-casting,2.9667,21,pipeline_locked_if_played,pipeline_locked_if_played,attack,mace2h|sword,sword:{skill} | mace2h:{skill},local:public/anim,wired_and_loads,mixamo,sword,animations/sword/sword-and-shield-casting,yes,yes,yes,Duration from FBXLoader; hip/XZ only locked when Studio plays via Animator
sword-and-shield-death,2.3,21,pipeline_locked_if_played,pipeline_locked_if_played,reaction,axe|hammer|mace|sword,sword:{death} | axe:{death} | mace:{death} | hammer:{death},local:public/anim,wired_and_loads,mixamo,sword,animations/sword/sword-and-shield-death,yes,yes,yes,Duration from FBXLoader; hip/XZ only locked when Studio plays via Animator
sword-and-shield-idle,2.5333,21,pipeline_locked_if_played,pipeline_locked_if_played,idle,sword,sword:{idle},local:public/anim,wired_and_loads,mixamo,sword,animations/sword/sword-and-shield-idle,yes,yes,yes,Duration from FBXLoader; hip/XZ only locked when Studio plays via Animator
sword-and-shield-run,0.7,21,pipeline_locked_if_played,pipeline_locked_if_played,locomotion,sword,sword:{runF},local:public/anim,wired_and_loads,mixamo,sword,animations/sword/sword-and-shield-run,yes,yes,yes,Duration from FBXLoader; hip/XZ only locked when Studio plays via Animator
sword-and-shield-run-2,0.5333,21,pipeline_locked_if_played,pipeline_locked_if_played,locomotion,sword,sword:{walkF},local:public/anim,wired_and_loads,mixamo,sword,animations/sword/sword-and-shield-run-2,yes,yes,yes,Duration from FBXLoader; hip/XZ only locked when Studio plays via Animator
sword-and-shield-run-back,0.5333,20,pipeline_locked_if_played,pipeline_locked_if_played,locomotion,sword,sword:{walkB+runB},local:public/anim,wired_and_loads,mixamo,sword,animations/sword/sword-and-shield-run-back,yes,yes,yes,Duration from FBXLoader; hip/XZ only locked when Studio plays via Animator
sword-and-shield-strafe,0.6667,21,pipeline_locked_if_played,pipeline_locked_if_played,locomotion,sword,sword:{walkL+runL},local:public/anim,wired_and_loads,mixamo,sword,animations/sword/sword-and-shield-strafe,yes,yes,yes,Duration from FBXLoader; hip/XZ only locked when Studio plays via Animator
sword-and-shield-strafe-2,0.7,21,pipeline_locked_if_played,pipeline_locked_if_played,locomotion,sword,sword:{walkR+runR},local:public/anim,wired_and_loads,mixamo,sword,animations/sword/sword-and-shield-strafe-2,yes,yes,yes,Duration from FBXLoader; hip/XZ only locked when Studio plays via Animator
sword-and-shield-turn,0.9333,21,pipeline_locked_if_played,pipeline_locked_if_played,locomotion,axe|hammer|mace|sword,sword:{turnL} | axe:{turnL} | mace:{turnL} | hammer:{turnL},local:public/anim,wired_and_loads,mixamo,sword,animations/sword/sword-and-shield-turn,yes,yes,yes,Duration from FBXLoader; hip/XZ only locked when Studio plays via Animator
sword-and-shield-turn-2,0.9333,21,pipeline_locked_if_played,pipeline_locked_if_played,locomotion,axe|hammer|mace|sword,sword:{turnR} | axe:{turnR} | mace:{turnR} | hammer:{turnR},local:public/anim,wired_and_loads,mixamo,sword,animations/sword/sword-and-shield-turn-2,yes,yes,yes,Duration from FBXLoader; hip/XZ only locked when Studio plays via Animator
two-hand-sword-combo,3.2667,21,pipeline_locked_if_played,pipeline_locked_if_played,attack,global|greataxe,greataxe:{attack3} | global:{meleeComboB},local:public/anim,wired_and_loads,mixamo,sword,animations/sword/two-hand-sword-combo,yes,yes,yes,Duration from FBXLoader; hip/XZ only locked when Studio plays via Animator
melee-combo-1,,0,not_played_unverified,not_played_unverified,attack,global|mace,mace:{skill} | global:{meleeComboA},local:public/anim,wired_but_load_fails,mixamo,combo,animations/combo/melee-combo-1,yes,yes,fail,load_err=self is not defined
melee-combo-2,,0,not_played_unverified,not_played_unverified,attack,axe|global,axe:{attack1} | global:{meleeComboB},local:public/anim,wired_but_load_fails,mixamo,combo,animations/combo/melee-combo-2,yes,yes,fail,load_err=self is not defined
great-sword-overhead,,0,not_played_unverified,not_played_unverified,attack,global,global:{overheadSlash},local:public/anim,wired_but_load_fails,mixamo,greatsword,animations/greatsword/great-sword-overhead,yes,yes,fail,load_err=document is not defined
big-body-blow,,0,not_played_unverified,not_played_unverified,reaction,global,global:{bigBlow},local:public/anim,wired_but_load_fails,mixamo,reactions,animations/reactions/big-body-blow,yes,yes,fail,load_err=document is not defined
jump-away,,0,not_played_unverified,not_played_unverified,dodge,global,global:{jumpAway},local:public/anim,wired_but_load_fails,mixamo,reactions,animations/reactions/jump-away,yes,yes,fail,load_err=document is not defined
uppercut,,0,not_played_unverified,not_played_unverified,attack,global,global:{uppercutLaunch},local:public/anim,wired_but_load_fails,mixamo,reactions,animations/reactions/uppercut,yes,yes,fail,load_err=document is not defined
melee-combo-1-hit1,,,pipeline_locked_if_played,pipeline_locked_if_played,attack,knife|sword,sword:{comboHit1} | knife:{comboHit1},local:public/anim,wired_virtual_glb_slice,mixamo,combo,animations/combo/melee-combo-1-hit1,yes,virtual,virtual_subclip,No standalone file — loader slices from animations/combo/melee-combo-1.glb
melee-combo-1-hit2,,,pipeline_locked_if_played,pipeline_locked_if_played,attack,knife|sword,sword:{comboHit2} | knife:{comboHit2},local:public/anim,wired_virtual_glb_slice,mixamo,combo,animations/combo/melee-combo-1-hit2,yes,virtual,virtual_subclip,No standalone file — loader slices from animations/combo/melee-combo-1.glb
melee-combo-1-hit3,,,pipeline_locked_if_played,pipeline_locked_if_played,attack,knife|sword,sword:{comboHit3} | knife:{comboHit3},local:public/anim,wired_virtual_glb_slice,mixamo,combo,animations/combo/melee-combo-1-hit3,yes,virtual,virtual_subclip,No standalone file — loader slices from animations/combo/melee-combo-1.glb
